Lepirudin	THRB	inhibitor
Cetuximab	EGFR	antagonist	FCG3B	unknown	C1R	unknown	C1QA	unknown	C1QB	unknown	C1QC	unknown	FCG3A	unknown	C1S	unknown	FCGR1	unknown	FCG2A	unknown	FCG2B	unknown	FCG2C	unknown
Dornase alfa
Denileukin diftitox	IL2RA	binder	IL2RB	agonist	IL2RG	unknown
Etanercept	TNFA	antibody	TNR1B	unknown	FCGR1	unknown	FCG3A	unknown	FCG2A	unknown	FCG2B	unknown	FCG2C	unknown	TNFB	unknown	FCG3B	unknown	C1S	unknown	C1R	unknown	C1QA	unknown	C1QB	unknown	C1QC	unknown
Bivalirudin	THRB	inhibitor
Leuprolide	GNRHR	agonist
Peginterferon alfa-2a	INAR2	agonist	INAR1	agonist
Alteplase	PLMN	activator	FIBA	unknown	UPAR	unknown	PAI1	unknown
Sermorelin	GHRHR	agonist
Interferon alfa-n1	INAR2	agonist	INAR1	agonist
Darbepoetin alfa	EPOR	agonist
Urokinase	PLMN	activator	UPAR	unknown	UROK	unknown	TPA	unknown	PAI1	unknown	PAI2	unknown	IPSP	unknown	LRP2	unknown	ST14	unknown	NID1	unknown
Goserelin	LSHR	agonist	GNRHR	agonist
Reteplase	PLMN	activator	FIBA	unknown	UPAR	unknown	PAI1	unknown
Epoetin alfa	EPOR	agonist
Salmon Calcitonin	CALCR	agonist
Interferon alfa-n3	INAR1	agonist	INAR2	agonist
Pegfilgrastim	CSF3R	agonist	ELNE	unknown
Sargramostim	CSF2R	agonist	IL3RA	agonist	IL3RB	agonist	SDC2	agonist	PRG2	unknown
Secretin	SCTR	agonist
Peginterferon alfa-2b	INAR1	agonist	INAR2	agonist
Asparaginase
Thyrotropin Alfa	TSHR	agonist
Antihemophilic Factor	FA10	activator	FA9	cofactor	VWF	binder	PAHX	antagonist	ASGR2	binder	GRP78	chaperone	CALR	chaperone	CALX	chaperone	LMAN1	chaperone	LRP1	modulator	MCFD2	modulator
Anakinra	IL1R1	antagonist
Gramicidin D
Intravenous Immunoglobulin	FCGR1	antagonist	FCGRB	antagonist	FCG2A	antagonist	FCG2B	antagonist	FCG2C	antagonist	FCG3A	antagonist	FCG3B	antagonist	CO3	binder	CO4A	binder	CO4B	binder	CO5	binder
Anistreplase	PLMN	activator	FIBA	unknown	UPAR	unknown	PAI1	unknown
Insulin Regular	INSR	agonist	IGF1R	unknown	RB	unknown	CATD	unknown	IDE	unknown	NEC2	unknown	CBPE	unknown	NEC1	unknown	NOV	unknown	LRP2	unknown	IBP7	unknown	SYTL4	unknown
Tenecteplase	PLMN	activator	FIBA	unknown	UPAR	unknown	PAI1	unknown	PAI2	unknown	TETN	unknown	K2C8	unknown	ANXA2	unknown	CALR	unknown	CALX	unknown	LRP1	unknown
Menotropins	FSHR	binder	LSHR	unknown
Interferon gamma-1b	INGR1	binder	INGR2	binder
Interferon Alfa-2a, Recombinant	INAR1	unknown	INAR2	unknown
Desmopressin	V2R	agonist	V1AR	unknown	V1BR	unknown
Coagulation factor VIIa	FA10	unknown	HEPS	unknown	TFPI1	unknown	VKGC	unknown	FA7	unknown	TF	unknown
Oprelvekin	I11RA	agonist
Palifermin	FGFR2	binder	NRP1	unknown	FGFR1	unknown	FGFR4	unknown	FGFR3	unknown	PGBM	unknown
Glucagon recombinant	GLR	agonist	GLP2R	unknown	GLP1R	unknown
Aldesleukin	IL2RB	modulator	IL2RA	modulator	IL2RG	agonist
Botulinum Toxin Type B	VAMP2	binder	VAMP1	binder	SYT2	unknown
Omalizumab	FCERA	unknown	FCERB	antagonist
Lutropin alfa	LSHR	agonist
OspA lipoprotein	TLR2	other/unknown
Insulin Lispro	INSR	agonist	IGF1R	unknown
Insulin Glargine	INSR	agonist	IGF1R	agonist
Collagenase	CO1A1	unknown	CO2A1	unknown	CO3A1	unknown	CO1A2	unknown
Rasburicase
Cetrorelix	GNRHR	antagonist	LSHR	unknown
Adalimumab	TNFA	antibody	FCG3B	unknown	C1R	unknown	C1QA	unknown	C1QB	unknown	C1QC	unknown	FCG3A	unknown	C1S	unknown	FCGR1	unknown	FCG2A	unknown	FCG2B	unknown	FCG2C	unknown
Somatropin recombinant	GHR	binder	PRLR	unknown
Imiglucerase
Abciximab	ITB3	antagonist	ITA2B	antagonist	FCG3B	unknown	C1R	unknown	C1QA	unknown	C1QB	unknown	C1QC	unknown	FCG3A	unknown	C1S	unknown	FCGR1	unknown	FCG2A	unknown	FCG2B	unknown	FCG2C	unknown	VTNC	unknown
Drotrecogin alfa	FA8	multitarget	FA5	multitarget	PAI1	unknown	TRBM	unknown	PROS	unknown	CERU	unknown	THRB	unknown	PLF4	unknown	IPSP	unknown	SPB6	unknown	VKGC	unknown	EPCR	unknown
Gemtuzumab ozogamicin	CD33	antibody	FCG3B	unknown	C1R	unknown	C1QA	unknown	C1QB	unknown	C1QC	unknown	FCG3A	unknown	C1S	unknown	FCGR1	unknown	FCG2A	unknown	FCG2B	unknown	FCG2C	unknown
Satumomab Pendetide
Alpha-1-proteinase inhibitor	ELNE	inhibitor
Pegaspargase
Interferon beta-1a	INAR1	agonist	INAR2	unknown
Pegademase bovine	GRB2	binder
Human Serum Albumin	APOE	unknown	SAA1	unknown	AMBP	unknown
Eptifibatide	ITB3	unknown
Serum albumin iodonated	APOE	unknown	SAA1	unknown	AMBP	unknown
Infliximab	TNFA	inhibitor
Follitropin beta	FSHR	agonist
Vasopressin	V2R	agonist	V1AR	unknown	V1BR	unknown
Interferon beta-1b	INAR1	agonist	INAR2	agonist
Interferon alfacon-1	INAR1	binder	INAR2	binder
Hyaluronidase	TGFB1	inhibitor
Insulin, porcine	INSR	binder	IGF1R	unknown	IDE	unknown	DQA2	unknown	DQB1	unknown	RB	unknown	CATD	unknown	CBPE	unknown	NEC2	unknown	NEC1	unknown	NOV	unknown	LRP2	unknown	IBP7	unknown	SYTL4	unknown
Trastuzumab	ERBB2	antibody	EGFR	unknown	C1R	unknown	C1QA	unknown	C1QB	unknown	C1QC	unknown	C1S	unknown	FCGR1	unknown	FCG2A	unknown	FCG2B	unknown	FCG2C	unknown	FCG3B	unknown	FCG3A	unknown
Rituximab	CD20	antibody	FCG3B	unknown	C1R	unknown	C1QA	unknown	C1QB	unknown	C1QC	unknown	FCG3A	unknown	C1S	unknown	FCGR1	unknown	FCG2A	unknown	FCG2B	unknown	FCG2C	unknown
Basiliximab	IL2RA	antibody	IL2RB	antibody	FCGR1	unknown	FCG3A	unknown	FCG2A	unknown	FCG2B	unknown	FCG2C	unknown	FCG3B	unknown	C1S	unknown	C1R	unknown	C1QA	unknown	C1QB	unknown	C1QC	unknown
Muromonab	CD3D	unknown	CD3E	binder	CD3G	unknown	CD3Z	unknown	FCG3B	unknown	C1R	unknown	C1QA	unknown	C1QB	unknown	C1QC	unknown	FCG3A	unknown	C1S	unknown	FCGR1	unknown	FCG2A	unknown	FCG2B	unknown	FCG2C	unknown
Digoxin Immune Fab (Ovine)
Ibritumomab	CD20	antibody	FCG3B	unknown	C1R	unknown	C1QA	unknown	C1QB	unknown	C1QC	unknown	FCG3A	unknown	C1S	unknown	FCGR1	unknown	FCG2A	unknown	FCG2B	unknown	FCG2C	unknown
Daptomycin
Tositumomab	CD20	antibody	FCG3B	unknown	C1R	unknown	C1QA	unknown	C1QB	unknown	C1QC	unknown	FCG3A	unknown	FCGR1	unknown	FCG2A	unknown	FCG2B	unknown	FCG2C	unknown
Pegvisomant	GHR	antagonist
Botulinum Toxin Type A	SNP25	inhibitor	RHOB	unknown
Pancrelipase
Streptokinase	PLMN	activator	PAR1	cleavage
Alemtuzumab	CD52	antibody	FCG3B	unknown	C1R	unknown	C1QA	unknown	C1QB	unknown	C1QC	unknown	FCG3A	unknown	FCGR1	unknown	FCG2A	unknown	FCG2B	unknown	FCG2C	unknown
Alglucerase
Capromab	FOLH1	other/unknown
Laronidase
Cyclosporine	CAMLG	binder	CANB2	inhibitor	PPIA	unknown	PPIF	binder
Alefacept	CD2	inhibitor	C1R	unknown	C1QA	unknown	C1QB	unknown	C1QC	unknown	FCG3A	unknown	FCGR1	unknown	FCG2A	unknown	FCG2B	unknown	FCG2C	unknown	FCG3B	unknown
Felypressin	V1AR	agonist
Urofollitropin	FSHR	agonist
Efalizumab	ITAL	antibody	FCG3B	unknown	C1R	unknown	C1QA	unknown	C1QB	unknown	C1QC	unknown	FCG3A	unknown	FCGR1	unknown	FCG2A	unknown	FCG2B	unknown	FCG2C	unknown
Serum albumin
Choriogonadotropin alfa	LSHR	unknown	FSHR	binder
Antithymocyte globulin	CD1A	inhibitor	HMR1	antagonist	ITAL	unknown	CD86	unknown	FCG2B	unknown	CD4	unknown	ITB1	unknown	ITAV	unknown	ITB3	unknown
Filgrastim	CSF3R	stimulator	ELNE	other/unknown
Coagulation Factor IX	FA10	activator	FA11	ligand	FA7	ligand	FA8	cofactor	THRB	unknown	LRP1	unknown	VKGC	unknown
Becaplermin	PGFRB	unknown	PGFRA	unknown	A2MG	unknown
Agalsidase beta
Octreotide	SSR1	unknown	SSR5	unknown	SSR2	binder
Interferon Alfa-2b, Recombinant	INAR2	binder	INAR1	binder
Abarelix	GNRHR	antagonist
Oxytocin	OXYR	agonist	NEU1	binder
Natalizumab	ITA4	antibody	FCG3B	unknown	C1R	unknown	C1QA	unknown	C1QB	unknown	C1QC	unknown	FCG3A	unknown	FCGR1	unknown	FCG2A	unknown	FCG2B	unknown	FCG2C	unknown	ICAM1	unknown
Enfuvirtide
Palivizumab	FCG3B	unknown	C1R	unknown	C1QA	unknown	C1QB	unknown	C1QC	unknown	FCG3A	unknown	FCGR1	unknown	FCG2A	unknown	FCG2B	unknown	FCG2C	unknown
Daclizumab	IL2RA	antibody	IL2RB	antibody	FCG3B	unknown	C1R	unknown	C1QA	unknown	C1QB	unknown	C1QC	unknown	FCG3A	unknown	FCGR1	unknown	FCG2A	unknown	FCG2B	unknown	FCG2C	unknown
Bevacizumab	VEGFA	unknown	FCG3B	unknown	C1R	unknown	C1QA	unknown	C1QB	unknown	C1QC	unknown	FCG3A	unknown	FCGR1	unknown	FCG2A	unknown	FCG2B	unknown	FCG2C	unknown
Arcitumomab	CEAM1	other/unknown
Pyridoxal Phosphate	AGT2	cofactor	DCE1	cofactor	CBS	cofactor	KYNU	cofactor	GLYC	cofactor	NFS1	cofactor	AATC	activator	OAT	cofactor	DCOR	cofactor	AADAT	cofactor	GABT	inhibitor	PNPO	cofactor	SGPL1	cofactor	ATTY	cofactor	KAT1	cofactor	THNS1	cofactor	PYGL	cofactor	SPTC2	cofactor	CSAD	cofactor	DCHS	cofactor	ADC	cofactor	SDHL	cofactor	KBL	cofactor	GCSP	cofactor	ALAT1	cofactor	SERC	cofactor	HEM1	cofactor	SPYA	cofactor	PLPP	cofactor	SPTC1	cofactor	CGL	cofactor	BCAT1	cofactor	BCAT2	cofactor	PROSC	cofactor	FTCD	cofactor	AATM	cofactor	PYGB	cofactor	PYGM	cofactor	DDC	cofactor	GLYM	cofactor	Q2TU84	cofactor	Q49AK1	cofactor	Q53ET4	cofactor	Q59FK2	cofactor	Q59GM9	cofactor	Q59HE2	cofactor	GLYC	cofactor	GLYC	cofactor	Q5JAM2	cofactor	Q5VZ30	cofactor	Q6IBS8	cofactor	PDXD1	cofactor	KAT3	cofactor	GADL1	cofactor	SCLY	cofactor	IGS10	cofactor	AT2L2	cofactor	Q8IVA8	cofactor	GLYM	cofactor	ALAT2	cofactor	MOCOS	cofactor	SDSL	cofactor	Q96JQ3	cofactor	Q9BXA1	cofactor	SRR	cofactor	SPCS	cofactor	SPTC3	cofactor	Q9UGI5	cofactor	Q9UJX1	cofactor	CSAD	cofactor
Cyanocobalamin	METH	cofactor	MUTA	cofactor	MTRR	cofactor	MMAA	cofactor	MMAC	cofactor	MTHR	cofactor
Tetrahydrofolic acid	C1TC	cofactor	MTDC	cofactor	GCST	cofactor	AL1L1	cofactor	METH	cofactor	FTCD	cofactor	PUR9	cofactor	GLYC	cofactor	GLYM	cofactor	MTHR	cofactor	Q53ET4	cofactor	GLYC	cofactor	GLYC	cofactor	MTHR	cofactor	GLYM	cofactor	FMT	cofactor
L-Histidine	DCHS	unknown	SYHC	unknown	S38A3	unknown	HUTH	unknown
S-Adenosylmethionine	GNMT	cofactor	DCAM	cofactor	METK2	cofactor	CBS	activator	METK1	cofactor	COMT	cofactor
Pyruvic acid	MOT4	unknown	MOT8	unknown	AGT2	unknown	MOT6	unknown	KPYR	unknown	MOT7	unknown	MOT2	unknown	ODPB	unknown	KPYM	unknown	GABT	inhibitor	MOT5	unknown	MOT3	unknown	MOT1	unknown	PYC	unknown
L-Phenylalanine	ATTY	unknown	LAT2	unknown	SYFA	unknown	PH4H	unknown	SYFM	unknown	SYFB	unknown	TY3H	binder
Biotin	PCCB	unknown	BPL1	unknown	SC5A6	unknown	MCCB	unknown	ACACB	unknown	MCCA	unknown	PYC	unknown	PCCA	unknown	ACACA	unknown
Choline	PCY1B	product of	ACES	product of	PCY1A	product of	PLD2	product of	CHLE	product of	PLD1	product of	PHOP1	product of
L-Lysine	CTR1	unknown	CTR4	unknown	CTR3	unknown	CTR2	unknown	SYK	unknown
L-Arginine	NOS3	unknown	CTR3	unknown	ADC	unknown	ARLY	unknown	NOS2	unknown	CTR1	unknown	ARGI2	unknown	CTR4	unknown	ASSY	unknown
Vitamin C	LPH	unknown	PLOD2	unknown	PAHX	unknown	PLOD3	unknown	BODG	unknown	DOPO	unknown	AMD	unknown	P4HA1	unknown	P3H1	unknown	OGFD2	unknown	ALKB2	unknown	P3H2	unknown	P3H3	unknown	OGFD1	unknown	EGLN2	unknown	ALKB3	unknown	KDM5D	unknown	EGLN1	unknown	S23A1	unknown	PLOD1	activator	EGLN3	unknown	TMLH	unknown	P4HTM	unknown
Spermine	SPSY	ligand	SMOX	ligand	DCOR	product of
L-Aspartic Acid	RNAS1	unknown	LYSC	unknown	CMC2	unknown	AATC	unknown	CMC2	unknown	ACY2	unknown	ASNS	unknown	ASSY	unknown	ACY1	unknown	AATM	unknown	SYDC	unknown	CMC1	unknown	ASPH	unknown	PUR6	unknown	PYR1	unknown	PURA2	unknown	EAA3	unknown	Q2TU84	unknown	Q5T6L4	unknown	SYDM	unknown	ASGL1	unknown	PURA1	unknown	ACY3	unknown
L-Ornithine	OAT	unknown	OTC	unknown	ARGI1	unknown	OAZ1	unknown	CTR2	unknown	ORNT2	unknown	CTR4	unknown	CTR1	unknown	ARGI2	unknown	ORNT1	unknown	CTR3	unknown	OAZ2	unknown	GATM	unknown	OAZ3	unknown
L-Glutamine	PYRG1	antagonist	PUR1	product of	GLNA	product of
Adenosine monophosphate	CREB1	activator	PIM1	product of	PDE4B	product of	PYGL	activator	AAKB1	activator	HINT1	product of	PDE4D	product of	ACS2L	product of	ACSA	product of	AAPK1	activator	AAKB2	activator	ADCY1	product of	ACSL1	product of	F16P1	inhibitory allosteric modulator	ADK	product of
Alpha-Linolenic Acid	FADS1	ligand	FADS2	ligand	NAC1	unknown	TRPV1	unknown	ELOV4	unknown
L-Serine	CBS	unknown	SDHL	unknown	SRR	unknown	SPTC2	unknown	SPTC1	unknown	SYSC	unknown	SPYA	unknown
L-Methionine	MTRR	product of	METH	product of	MAP2	product of	BHMT1	product of	BHMT2	product of
L-Tyrosine	TY3H	binder	SYYM	unknown	SYYC	unknown	ATTY	unknown
Calcitriol	VDR	antagonist
Xanthophyll
L-Cystine	XCT	unknown	CTNS	unknown	BAT1	unknown	SLC31	unknown
Succinic acid	C560	unknown	SUCR1	unknown	SCOT2	unknown	TMLH	unknown	SUCB1	unknown	DIC	unknown	DHSA	unknown	H17B6	unknown	S13A3	unknown	S13A2	unknown	S13A1	unknown	SUCB2	unknown	DHSD	unknown	P4HA2	unknown	PLOD3	unknown	BODG	unknown	P4HA1	unknown	DHSB	unknown	SSDH	inhibitor	SUCA	unknown	SCOT1	unknown	PLOD1	unknown	ASPH	unknown	P3H1	unknown	P3H2	unknown	P3H3	unknown
Riboflavin	RIFK	ligand	BLVRB	product of
N-Acetyl-D-glucosamine	B4GT3	unknown	B4GT4	unknown	B4GT2	unknown	NAGK	unknown	NAGPA	unknown	ANAG	activator	RENBP	unknown	B4GT1	unknown
L-Glutamic Acid	GRM1	unknown	GRM4	unknown	GRIK4	unknown	GRIK5	unknown	GRM7	unknown	GRM8	unknown	EAA5	unknown	OPLA	unknown	PUR4	unknown	BCAT2	unknown	NMDE4	unknown	GRID2	unknown	NMD3B	unknown	GATB	unknown	GLSK	unknown	AATM	unknown	SYEP	unknown	ASNS	unknown	GLNA	unknown	AATC	unknown	ATTY	unknown	ALAT1	unknown	VKGC	unknown	EAA1	unknown	EAA2	unknown	EAA3	unknown	GSH1	unknown	EAA4	unknown	DHE4	unknown	GUAA	unknown	BCAT1	unknown	GABT	unknown	NMDZ1	unknown	FOLC	unknown	AMPE	unknown	NMDE1	unknown	NMDE2	unknown	NMDE3	unknown	Q2TU84	unknown	SYEM	unknown	LGSN	unknown	NADE	unknown	KAT3	unknown	NAGS	unknown	AADAT	unknown	NMD3A	unknown	ALAT2	unknown	GHC2	unknown	GHC1	unknown	AASS	unknown	GLSL	unknown	DNPEP	unknown	GRID1	unknown	XCT	unknown	CBPQ	unknown	SERC	unknown	DHE3	unknown	GRIK1	unknown	GRIA1	unknown	GSH0	unknown	FOLH1	unknown	DCE2	unknown	DCE1	unknown	FTCD	unknown	GRIA2	unknown	GRIA3	unknown	GRIA4	unknown	P5CS	unknown	GRIK2	unknown	GRIK3	unknown
Glutathione	MGST3	unknown	HPGDS	unknown	TXD12	unknown	GSTA1	unknown	GSTA2	unknown	MGST1	unknown	ESTD	unknown	GGT1	unknown	GSTM2	unknown	GLRX1	unknown	GPX4	cofactor	GSTM5	unknown	GPX6	cofactor	GLO2	unknown	Q6NSD4	unknown	GPX8	unknown	GPX7	cofactor	MGST2	unknown	GSTO2	unknown	GLRX2	unknown	LGUL	unknown	LTC4S	unknown	GSHR	unknown	GSHB	unknown	GSTM1	unknown	GSTK1	unknown	GSTA3	unknown	GSTM3	unknown	GSTA4	unknown	GSTM4	unknown	GSTA5	unknown	GSTP1	unknown	GSTO1	unknown	GPX1	cofactor	GPX2	cofactor	GSTT1	unknown	MAAI	unknown	GPX5	cofactor	GPX3	cofactor
Phosphatidylserine	DGKG	unknown	DGKD	unknown	PTSS2	unknown	NSMA3	unknown	NSMA2	unknown	AT8A1	unknown	KPCA	unknown	PTSS1	unknown	PISD	unknown	SCRB1	unknown
Glycine	KBL	unknown	HEM1	unknown	HEM0	unknown	GCSH	unknown	SYG	unknown	NMDE1	antagonist	BAAT	unknown	GPR18	unknown	GSHB	unknown	NMDE3	unknown	Q53ET4	unknown	GLYC	unknown	GLYC	unknown	GLYAT	unknown	S36A1	unknown	GLYM	unknown	GLYL2	unknown	GLYL1	unknown	AGT2	unknown	VIAAT	unknown	SOX	unknown	SC6A5	unknown	NMD3B	unknown	GCSP	unknown	SC6A9	unknown	GLRA1	unknown	SPYA	unknown	GLRB	unknown	GLYC	unknown	GLRA3	unknown	GLRA2	unknown	GNMT	unknown	GLYM	unknown	GATM	unknown
Calcidiol	VDR	agonist
Pyridoxal	PDXK	unknown
Creatine	KCRM	ligand	KCRU	ligand	KCRB	ligand	KCRS	ligand	SC6A8	unknown	GAMT	product of
L-Leucine	SYLM	unknown	BCAT2	unknown	BCAT1	unknown	LCMT2	unknown	LCMT1	unknown	SYLC	unknown
L-Tryptophan	SYWM	inhibitor	SYWC	inhibitor
L-Cysteine	GSH0	unknown	GSH1	unknown	Q16857	unknown	AATC	unknown	CGL	unknown	CBS	unknown	SYCC	unknown	MGMT	unknown	GSHB	unknown	S19A3	unknown	SYCM	unknown	CSAD	unknown	NFS1	unknown	CDO1	unknown
Thiamine	TPK1	ligand	S19A2	binder
Ergocalciferol	VDR	agonist
Dihomo-Î³-linolenic acid	PGH1	inhibitor	PGH2	unknown
L-Citrulline	ASSY	unknown	DDAH2	unknown	Q5T6L4	unknown	DDAH1	unknown	OTC	unknown	NOS1	unknown	NOS2	unknown	NOS3	unknown	PADI6	unknown	PADI1	unknown	PADI3	unknown	PADI2	unknown	PADI4	unknown
L-Threonine	THNS1	unknown	SYTC	unknown	SYTM	unknown
NADH	UGDH	unknown	ADH1A	unknown	DHSO	unknown	ADH4	unknown	ADH1G	unknown	ADH1B	unknown	ADH7	unknown	GPDA	unknown	LDH6A	unknown	ADHX	unknown	ALDR	unknown	HCD2	unknown	MDHM	unknown	LDHA	unknown	MAOM	unknown	DHB4	unknown	LDH6B	unknown	LDHC	unknown	LDHB	unknown	ECHP	unknown	HCDH	unknown	MAON	unknown	BDH	unknown	MDHC	unknown	3HIDH	unknown	DHB3	unknown	HMDH	unknown	MAOX	unknown	SERA	unknown	DHB7	unknown	IDH3G	unknown	IDH3B	unknown	IDH3A	unknown	DHB1	unknown	DHB2	unknown	RDH1	unknown	G6PE	unknown	DHB8	unknown	AK1C4	unknown	IMDH2	unknown	AK1C3	unknown	PGDH	unknown	FCL	unknown	AK1C1	unknown	DHI1	unknown	3BHS2	unknown	3BHS1	unknown	IMDH1	unknown	ECHA	unknown	ALDH2	unknown	DHI2	unknown	AK1C2	unknown	NSDHL	unknown	AL3B2	unknown	MMSA	unknown	AL3A1	unknown	AL1A1	unknown	G3PT	unknown	AL9A1	unknown	AL1A3	unknown	AL1B1	unknown	AL3B1	unknown	G3P	unknown	AL1A2	unknown	AL3A2	unknown	SSDH	unknown	AL7A1	unknown	BLVRB	unknown	P5CR2	unknown	P5CR1	unknown	DHE3	unknown	ODPB	unknown	ODPAT	unknown	ODPA	unknown	BIEA	unknown	ACADS	unknown	DYR	unknown	ODO1	unknown	DHE4	unknown	DHCR7	unknown	NQO2	unknown	NU2M	binder	AASS	unknown	NU3M	binder	NDUS7	unknown	C1TC	unknown	MTDC	unknown	AL4A1	unknown	NB5R3	unknown	NDUAB	unknown	NU4M	unknown	DHPR	unknown	NU1M	binder	NNTM	unknown	NDUA5	unknown	NDUA9	unknown	NU4LM	unknown	NDUAA	unknown	NDUA7	unknown	NDUA1	unknown	NU6M	unknown	NU5M	unknown	NDUA4	unknown	NDUA6	unknown	ACPM	unknown	NDUA2	unknown	NDUA8	unknown	NDUA3	unknown	NDUB8	unknown	NDUC2	unknown	NDUB1	unknown	NDUS1	unknown	NDUBA	unknown	NDUB4	unknown	NDUB3	unknown	NDUB2	unknown	NDUB7	unknown	NDUB9	unknown	NDUS2	unknown	NDUB5	unknown	NDUC1	unknown	NDUB6	unknown	NDUV3	unknown	DLDH	unknown	NDUS3	unknown	GSHR	unknown	NDUAC	unknown	NDUS5	unknown	NDUS4	unknown	NDUV1	unknown	NDUV2	unknown	NDUAD	unknown	CDO1	unknown	NDUS6	unknown	NUA4L	unknown	NDUS8	unknown	CP4AB	unknown	ODP2	unknown	GCST	unknown	MSMO1	unknown	HMOX1	unknown	HMOX2	unknown	CP17A	unknown	TYRO	unknown
Folic Acid	FOLR2	binder	FOLR3	binder
Icosapent	PGH2	inhibitor	PGH1	inhibitor	PPARG	agonist	PPARD	agonist	FADS1	agonist	ACSL4	inducer	ACSL3	inducer	FFAR1	agonist	NAC1	inhibitor	TRPV1	inducer
L-Alanine	SPYA	unknown	GABT	inhibitor	KYNU	unknown	SYAM	unknown	AT2L2	unknown	ALAT2	unknown	ALAT1	unknown	NFS1	unknown	S36A1	unknown	LAT2	unknown	AGT2	unknown	SYAC	unknown	SATT	unknown
L-Valine	PCCB	unknown	BCAT1	unknown	SYVC	unknown
Vitamin A	RDH12	unknown	DHRS3	unknown	AL1A3	unknown	RETST	unknown	RDH11	unknown	DHRS4	unknown	RDH14	unknown	RDH8	unknown	LRAT	unknown	RET1	unknown	RDH1	unknown	RDH13	unknown	RET3	unknown	AL1A2	unknown	AL1A1	unknown	RLBP1	unknown
Vitamin E	NR1I2	unknown	KPCB	unknown	LOX5	unknown	KPCA	unknown	DGKA	unknown	PP2AB	unknown	PP2AA	unknown	S14L4	unknown	S14L3	unknown	S14L2	unknown
Pyridoxine	PDXK	ligand
Lipoic Acid	LIPT	unknown	LIAS	unknown	SC5A6	unknown
L-Isoleucine	SYIM	unknown	ACDSB	unknown	BCAT1	unknown	BCAT2	unknown	SYIC	unknown
Aspartame	TRPV1	inducer	TS1R2	agonist
Cholecalciferol	VDR	agonist
Menadione	VKGC	cofactor	VKOR1	cofactor	VKORL	cofactor	THRB	activator	FA7	activator	FA9	activator	FA10	activator	PROC	activator	PROS	activator	PROZ	activator	NQO2	unknown	NQO1	unknown	OSTCN	agonist
Adenosine triphosphate	ABL2	inhibitor	MDR1	unknown	ABCG1	unknown	MRP2	unknown	ABCA1	unknown	ACSA	unknown	ALK	unknown	ULA1	unknown	AAPK1	unknown	ARAF	unknown	ACVL1	unknown	ACSL1	unknown	5NTC	unknown	ASNA	unknown	ABCC9	unknown	AKT1	unknown	ARBK1	unknown	APAF	unknown	ACS2L	unknown	ACV1B	unknown	ACVR1	unknown	ABCBB	unknown	ASNS	unknown	CDK15	unknown	ADT1	unknown	ABCC8	unknown	ASSY	unknown	AFG32	unknown	ARBK2	unknown	AMHR2	unknown	ACK1	unknown	ABL1	inhibitor	ADCY1	unknown
L-Proline	P4HA2	unknown	PROD	unknown	PPIH	unknown	PROSC	unknown	P4HA1	unknown	PPIB	binder	PPIF	unknown	PPIC	unknown	PPIA	binder	PPIG	unknown	P3H1	unknown	Q4W8W1	unknown	SYPM	unknown	P3H2	unknown	P3H3	unknown	P5CR3	unknown	T3HPD	unknown	P5CR1	unknown	SYEP	unknown	S6A14	unknown	SC6A7	unknown	P5CR2	unknown
Adenine	APT	unknown	ACACB	unknown	PPAC	unknown	PECR	unknown	SRPK2	unknown	MTAP	unknown
L-Asparagine	AAAT	unknown	ASGL1	unknown	SYNM	unknown	S38A3	unknown	ASNS	unknown	SYNC	unknown
Pravastatin	HMDH	inhibitor
Fluvoxamine	SC6A4	inhibitor
Valsartan	AGTR1	antagonist
Ramipril	ACE	inhibitor
Masoprocol	LOX5	inhibitor
Flunisolide	GCR	agonist
Baclofen	GABR1	agonist	GABR2	agonist
Amphetamine	VMAT2	inhibitor	SC6A3	negative modulator	CART	agonist	TAAR1	agonist	SC6A2	stimulator	ADA1A	agonist	ADA1B	agonist	ADA1D	agonist	ADA2A	agonist	ADA2B	agonist	ADA2C	agonist	ADRB1	agonist	ADRB2	agonist	ADRB3	agonist	DRD2	binder	AOFB	unknown	SC6A4	binder
Pentagastrin	GASR	agonist
Nicotine	ACHA4	agonist	ACHA7	agonist	ACHB2	agonist	ACHA2	agonist	ACHA3	agonist	ACHA5	agonist	ACHA6	agonist	ACHA9	agonist	ACH10	agonist	ACHB3	agonist	ACHB4	agonist	CP19A	unknown	CLAT	unknown
Cevimeline	ACM3	agonist	ACM1	agonist
Lorazepam	GBRA1	positive allosteric modulator	GBRA2	positive allosteric modulator	GBRA3	positive allosteric modulator	GBRA4	positive allosteric modulator	GBRA5	positive allosteric modulator	GBRA6	positive allosteric modulator	GBRB1	positive allosteric modulator	GBRB2	positive allosteric modulator	GBRB3	positive allosteric modulator	GBRD	positive allosteric modulator	GBRE	positive allosteric modulator	GBRG1	positive allosteric modulator	GBRG2	positive allosteric modulator	GBRG3	positive allosteric modulator	GBRP	positive allosteric modulator	GBRT	positive allosteric modulator	TSPOA	other
Esmolol	ADRB1	antagonist
Bortezomib	PSMD2	inhibitor	PSB1	antagonist	PSB5	antagonist	PSB2	antagonist	PSMD1	inhibitor
Ethchlorvynol	GBRA1	positive allosteric modulator	GBRA2	positive allosteric modulator	GBRA3	positive allosteric modulator	GBRA4	positive allosteric modulator	GBRA5	positive allosteric modulator	GBRA6	positive allosteric modulator	GBRB1	positive allosteric modulator	GBRB2	positive allosteric modulator	GBRB3	positive allosteric modulator	GBRD	positive allosteric modulator	GBRE	positive allosteric modulator	GBRG1	positive allosteric modulator	GBRG2	positive allosteric modulator	GBRG3	positive allosteric modulator	GBRP	positive allosteric modulator	GBRT	positive allosteric modulator
Carbidopa	DDC	inhibitor
Phentermine	SC6A2	inhibitor	SC6A4	inhibitor	SC6A3	inhibitor	AOFA	antagonist	AOFB	antagonist
Indecainide	SCN5A	inhibitor
Tramadol	OPRM	agonist	SC6A2	inhibitor	SC6A4	inhibitor	5HT2C	antagonist	OPRK	agonist	OPRD	agonist	NMD3A	antagonist	Q693P7	antagonist	ACM3	antagonist
Vidarabine
Betaxolol	ADRB1	antagonist	ADRB2	antagonist
Fluconazole
Troglitazone	PPARG	agonist	ACSL4	inhibitor	PAI1	antagonist	S29A1	inhibitor	ERR3	inverse agonist	ERR1	inverse agonist
Oseltamivir	EST1	other	NEUR1	inhibitor	NEUR2	inhibitor
Erythromycin
Hydroxocobalamin	METH	cofactor	MUTA	cofactor	MTRR	other	MMAA	other/unknown	TCO1	other	AMNLS	other	CUBN	other	MMAB	other	MMAC	other/unknown
Caffeine	AA1R	multitarget	AA2AR	multitarget	PDE4B	inhibitor	RYR1	unknown	PDE1A	inhibitor, competitive	PDE1B	inhibitor, competitive	PDE10	inhibitor, competitive	PDE4A	inhibitor, competitive	PDE4B	inhibitor, competitive	PDE4C	inhibitor, competitive	PDE4D	inhibitor, competitive	PDE7B	inhibitor, competitive	PDE2A	inhibitor, competitive	PDE3A	inhibitor, competitive	PDE3B	inhibitor, competitive	PDE5A	inhibitor, competitive	PDE11	inhibitor, competitive	PDE7A	inhibitor, competitive	PDE8A	inhibitor, competitive	PDE8B	inhibitor, competitive	PDE9A	inhibitor, competitive	PRKDC	unknown	PK3CD	unknown	PK3CA	unknown	PK3CB	unknown	ITPR1	unknown
Succinylcholine	ACH10	agonist	Q693P7	agonist	ACM1	agonist	ACM2	agonist	ACM3	agonist
Sildenafil	PDE5A	inhibitor	CNRG	inhibitor	CNCG	inhibitor
Dofetilide	KCNH2	inhibitor	KCNK2	inhibitor	IRK12	inhibitor
Pyrimethamine	DYR	inhibitor
Reserpine	VMAT2	inhibitor	VMAT1	unknown
Azithromycin
Ticlopidine	P2Y12	antagonist
Trospium	ACM1	antagonist
Adapalene	RARG	agonist	RARB	agonist	RXRG	agonist	RXRB	agonist	RARA	agonist	RXRA	other/unknown
Midodrine	ADA1A	agonist	ADA1B	agonist	ADA1D	agonist
Remikiren	RENI	inhibitor
Pantoprazole	ATP4A	inhibitor
Torasemide	S12A1	inhibitor
Citalopram	SC6A4	inhibitor	HRH1	binder	ADA1A	binder	ACM1	binder
Eletriptan	5HT1D	agonist	5HT1B	agonist	5HT1F	agonist	5HT1A	agonist	5HT1E	agonist	5HT2B	agonist	5HT7R	agonist
Bethanidine	ADA2A	agonist	ADA2B	agonist	ADA2C	agonist	IRK1	inhibitor	ADRB1	antagonist	ADRB2	antagonist	ADRB3	antagonist
Moxifloxacin	TOP2A	inhibitor
Oxyphenonium	ACM1	antagonist
Nelfinavir
Isoetarine	ADRB1	agonist	ADRB2	agonist
Glimepiride	IRK11	inhibitor	IRK1	inhibitor	ABCC8	inducer
Diflorasone	GCR	agonist
Indinavir
Gadodiamide
Guanadrel	SC6A2	partial agonist
Lovastatin	HMDH	inhibitor	ITAL	other/unknown	HDAC2	other
Enflurane	GBRA1	positive allosteric modulator	GBRA2	positive allosteric modulator	GBRA3	positive allosteric modulator	GBRA4	positive allosteric modulator	GBRA5	positive allosteric modulator	GBRA6	positive allosteric modulator	GBRB1	positive allosteric modulator	GBRB2	positive allosteric modulator	GBRB3	positive allosteric modulator	GBRD	positive allosteric modulator	GBRE	positive allosteric modulator	GBRG1	positive allosteric modulator	GBRG2	positive allosteric modulator	GBRG3	positive allosteric modulator	GBRP	positive allosteric modulator	GBRT	positive allosteric modulator	GLRA1	agonist	GLRB	agonist	KCNN4	inhibitor	KCNA1	inducer	AT2C1	inhibitor	GRIA1	antagonist	ATPD	other/unknown
Cefotiam
Pregabalin	CAC1A	inhibitor
Temazepam	GBRA1	potentiator	GBRA2	potentiator	GBRA3	potentiator	GBRA4	potentiator	GBRA5	potentiator	GBRA6	potentiator	GBRB1	potentiator	GBRB2	potentiator	GBRB3	potentiator	GBRG1	potentiator	GBRG2	potentiator	GBRG3	potentiator	GBRD	potentiator	GBRE	potentiator	GBRP	potentiator	GBRR1	potentiator	GBRR2	potentiator	GBRR3	potentiator	GBRT	potentiator	TSPOA	other	GBRA1	positive allosteric modulator	GBRA2	positive allosteric modulator	GBRA3	positive allosteric modulator	GBRA4	positive allosteric modulator	GBRA5	positive allosteric modulator	GBRA6	positive allosteric modulator	GBRB1	positive allosteric modulator	GBRB2	positive allosteric modulator	GBRB3	positive allosteric modulator	GBRD	positive allosteric modulator	GBRE	positive allosteric modulator	GBRG1	positive allosteric modulator	GBRG2	positive allosteric modulator	GBRG3	positive allosteric modulator	GBRP	positive allosteric modulator	GBRT	positive allosteric modulator
Methyclothiazide	S12A1	inhibitor	CAH1	inhibitor	CAH2	inhibitor	CAH4	inhibitor
Aminosalicylic Acid	PGH2	inhibitor	IKKA	inhibitor	LOX5	inhibitor	PA2GE	unknown
Reboxetine	SC6A2	inhibitor
Milrinone	PDE3A	inhibitor
Pipobroman
Butabarbital	GBRA1	positive allosteric modulator	GBRA2	positive allosteric modulator	GBRA3	positive allosteric modulator	GBRA4	positive allosteric modulator	GBRA5	positive allosteric modulator	GBRA6	positive allosteric modulator	GBRB1	positive allosteric modulator	GBRB2	positive allosteric modulator	GBRB3	positive allosteric modulator	GBRD	positive allosteric modulator	GBRE	positive allosteric modulator	GBRG1	positive allosteric modulator	GBRG2	positive allosteric modulator	GBRG3	positive allosteric modulator	GBRP	positive allosteric modulator	GBRT	positive allosteric modulator	ACHA4	antagonist	ACHA7	antagonist	GRIA2	antagonist	GRIK2	antagonist
Nevirapine
Oxiconazole
Alclometasone	GCR	agonist
Butalbital	GBRA1	potentiator	GBRA2	potentiator	GBRA3	potentiator	GBRA4	potentiator	GBRA5	potentiator	GBRA6	potentiator	ACHA4	antagonist	ACHA7	antagonist	GRIA2	antagonist	GRIK2	antagonist	GBRA1	positive allosteric modulator	GBRA2	positive allosteric modulator	GBRA3	positive allosteric modulator	GBRA4	positive allosteric modulator	GBRA5	positive allosteric modulator	GBRA6	positive allosteric modulator	GBRB1	positive allosteric modulator	GBRB2	positive allosteric modulator	GBRB3	positive allosteric modulator	GBRD	positive allosteric modulator	GBRE	positive allosteric modulator	GBRG1	positive allosteric modulator	GBRG2	positive allosteric modulator	GBRG3	positive allosteric modulator	GBRP	positive allosteric modulator	GBRT	positive allosteric modulator
Cladribine	RIR1	inhibitor	RIR2	inhibitor	RIR2B	inhibitor	DPOLA	inhibitor	DPOE1	inhibitor	DPOE2	inhibitor	DPOE3	inhibitor	DPOE4	inhibitor	PNPH	inducer
Ranolazine	SCN5A	inhibitor	SCN9A	inhibitor
Mesalazine	PGH2	inhibitor	PGH1	inhibitor	LOX5	inhibitor	PPARG	agonist	IKKA	inhibitor	IKKB	inhibitor	PERM	unknown
Benzatropine	ACM1	antagonist	SC6A3	inhibitor	HRH1	antagonist
Ziprasidone	DRD2	antagonist	5HT2A	antagonist	DRD1	antagonist	DRD5	antagonist	DRD3	antagonist	DRD4	antagonist	5HT1A	antagonist	5HT1B	antagonist	5HT1D	antagonist	5HT1E	antagonist	5HT2C	antagonist	5HT3A	antagonist	5HT6R	antagonist	5HT7R	antagonist	HRH1	antagonist	ADA1A	antagonist	ADA1B	antagonist	ADA2A	antagonist	ADA2B	antagonist	ADA2C	antagonist	ACM1	antagonist	ACM2	antagonist	ACM3	antagonist	ACM4	antagonist	ACM5	antagonist
Methysergide	5HT2B	antagonist	5HT2C	antagonist	5HT2A	antagonist	5HT1A	agonist	5HT7R	antagonist	5HT1B	binder	5HT1F	binder	5HT1E	binder
Cabergoline	DRD2	agonist	5HT2B	agonist	DRD3	agonist	5HT2A	agonist	ADA2B	antagonist	5HT1D	agonist	DRD4	agonist	ADA2A	antagonist	5HT1A	agonist	ADA2C	antagonist	DRD5	agonist	DRD1	agonist	5HT1B	agonist	5HT2C	agonist	5HT7R	antagonist	ADA1A	binder	ADA1B	binder	ADA1D	binder	ADRB1	binder	ADRB2	binder	DRD1	agonist	DRD5	agonist
Idoxuridine
Dapsone
Terconazole
Phenytoin	SCN5A	inhibitor	SCN1A	inhibitor
Medrysone	GCR	agonist
Doxycycline
Diethylstilbestrol	ESR1	agonist	ERR3	agonist	ESR2	agonist
Lymecycline
Clotrimazole	KCNN4	inhibitor
Calcium Acetate
Sulfanilamide
Cycloserine
Anagrelide	PDE3A	inhibitor
Carmustine	GSHR	inhibitor
Sulfisoxazole
Metoprolol	ADRB1	antagonist	ADRB2	antagonist
Crotamiton
Dicoumarol	VKOR1	inhibitor	NQO1	inhibitor	QOR	inhibitor
Cefmenoxime
Ropinirole	DRD3	agonist	DRD2	agonist	DRD4	agonist	5HT1A	agonist	5HT1D	agonist	5HT2B	agonist	DRD1	agonist	DRD5	agonist	5HT1B	agonist	5HT2A	agonist	5HT2C	agonist	ADA2A	agonist	ADA2B	agonist	ADA2C	agonist
Chlorotrianisene	ESR1	agonist
Isradipine	CAC1C	inhibitor	CA2D1	inhibitor	CACB2	inhibitor	CAC1H	inhibitor	CA2D2	inhibitor	CAC1D	inhibitor	CAC1S	inhibitor
Diatrizoate
Betazole	HRH2	agonist
Topiramate	GBRA1	agonist	SCN1A	inhibitor	GRIK1	antagonist	CAH2	inhibitor	CAH4	inhibitor	GBRA1	positive allosteric modulator	GBRA2	positive allosteric modulator	GBRA3	positive allosteric modulator	GBRA4	positive allosteric modulator	GBRA5	positive allosteric modulator	GBRA6	positive allosteric modulator	GBRB1	positive allosteric modulator	GBRB2	positive allosteric modulator	GBRB3	positive allosteric modulator	GBRD	positive allosteric modulator	GBRE	positive allosteric modulator	GBRG1	positive allosteric modulator	GBRG2	positive allosteric modulator	GBRG3	positive allosteric modulator	GBRP	positive allosteric modulator	GBRT	positive allosteric modulator
Cefmetazole
Olmesartan	AGTR1	antagonist
Amsacrine	TOP2A	inhibitor	KCNH2	inhibitor
Theophylline	AA1R	antagonist	AA2AR	antagonist	AA2BR	antagonist	PDE4B	inhibitor	PDE5A	inhibitor	PDE4A	inhibitor	PDE3A	inhibitor	HDAC2	activator
Argatroban	THRB	inhibitor
Liothyronine	THA	agonist	THB	agonist
Disopyramide	SCN5A	inhibitor	ACM1	antagonist	ACM2	antagonist	ACM3	antagonist	KCND2	inhibitor	KCND3	inhibitor
Lidocaine	SCNAA	inhibitor	SCN9A	inhibitor	SCN5A	inhibitor	EGFR	antagonist
Pamidronate	FPPS	inhibitor
Clemastine	HRH1	antagonist
Acarbose	MGA	inhibitor	AMYP	inhibitor	LYAG	inhibitor	SUIS	inhibitor
Venlafaxine	SC6A4	inhibitor	SC6A2	inhibitor	SC6A3	inhibitor
Conjugated Estrogens	ESR1	agonist
Travoprost	PF2R	agonist
Amcinonide	GCR	agonist	ANXA1	agonist
Atomoxetine	SC6A2	unknown	SC6A4	unknown	SC6A3	binder	NMDZ1	blocker	NMDE1	blocker	NMDE2	blocker	NMDE3	blocker	NMDE4	blocker	NMD3A	blocker	NMD3B	blocker
Bleomycin	DNLI1	inhibitor	DNLI3	inhibitor
Chlorambucil
Etomidate	GBRA1	agonist	ADA2B	agonist	GBRA1	positive allosteric modulator	GBRA2	positive allosteric modulator	GBRA3	positive allosteric modulator	GBRA4	positive allosteric modulator	GBRA5	positive allosteric modulator	GBRA6	positive allosteric modulator	GBRB1	positive allosteric modulator	GBRB2	positive allosteric modulator	GBRB3	positive allosteric modulator	GBRD	positive allosteric modulator	GBRE	positive allosteric modulator	GBRG1	positive allosteric modulator	GBRG2	positive allosteric modulator	GBRG3	positive allosteric modulator	GBRP	positive allosteric modulator	GBRT	positive allosteric modulator
Raltitrexed	TYSY	inhibitor	FOLC	antagonist
Etonogestrel	PRGR	agonist	ESR1	agonist
Morphine	OPRM	agonist	OPRK	agonist	OPRD	agonist
Ropivacaine	SCNAA	inhibitor
Bupivacaine	SCNAA	inhibitor	PE2R1	other/unknown
Dapiprazole	ADA1A	antagonist	ADA1D	antagonist	ADA1B	antagonist
Penciclovir
Tenofovir
Flucloxacillin
Tranexamic Acid	PLMN	inhibitor
Ertapenem
Desogestrel	PRGR	agonist	ESR1	agonist
Mitomycin
Talbutal	GBRA1	potentiator	GBRA2	potentiator	GBRA3	potentiator	GBRA4	potentiator	GBRA5	potentiator	GBRA6	potentiator	ACHA4	antagonist	ACHA7	antagonist	GRIA2	antagonist	GRIK2	antagonist	GBRA1	positive allosteric modulator	GBRA2	positive allosteric modulator	GBRA3	positive allosteric modulator	GBRA4	positive allosteric modulator	GBRA5	positive allosteric modulator	GBRA6	positive allosteric modulator	GBRB1	positive allosteric modulator	GBRB2	positive allosteric modulator	GBRB3	positive allosteric modulator	GBRD	positive allosteric modulator	GBRE	positive allosteric modulator	GBRG1	positive allosteric modulator	GBRG2	positive allosteric modulator	GBRG3	positive allosteric modulator	GBRP	positive allosteric modulator	GBRT	positive allosteric modulator
Bexarotene	RXRA	agonist	RXRB	agonist	RXRG	agonist
Ibutilide	CAC1C	activator	CACB1	activator	KCNH2	inhibitor	CA2D1	activator	CCG1	activator	KCNK1	inhibitor	KCNK6	inhibitor	KCNH6	inhibitor	KCNH7	inhibitor	IRK11	inhibitor
Vindesine	TBB1	inhibitor
Chlorthalidone	S12A1	inhibitor
Ethoxzolamide	CAH1	inhibitor	CAH2	inhibitor	CAH4	inhibitor	CAH7	inhibitor
Pentobarbital	GBRA1	potentiator	GBRA2	potentiator	GBRA3	potentiator	GBRA4	potentiator	GBRA5	potentiator	GBRA6	potentiator	ACHA4	antagonist	ACHA7	antagonist	GRIA2	antagonist	GRIK2	antagonist	GBRA1	positive allosteric modulator	GBRA2	positive allosteric modulator	GBRA3	positive allosteric modulator	GBRA4	positive allosteric modulator	GBRA5	positive allosteric modulator	GBRA6	positive allosteric modulator	GBRB1	positive allosteric modulator	GBRB2	positive allosteric modulator	GBRB3	positive allosteric modulator	GBRD	positive allosteric modulator	GBRE	positive allosteric modulator	GBRG1	positive allosteric modulator	GBRG2	positive allosteric modulator	GBRG3	positive allosteric modulator	GBRP	positive allosteric modulator	GBRT	positive allosteric modulator	NMDZ1	antagonist	NMDE1	antagonist	NMDE2	antagonist	NMDE3	antagonist	NMDE4	antagonist	NMD3A	antagonist	NMD3B	antagonist
Valproic Acid	HDAC9	inhibitor	GABT	inhibitor	ACDSB	inhibitor	ODO1	inhibitor	SSDH	inhibitor	SCN1A	unknown	SCNAA	unknown	SCNBA	unknown	SCN2A	unknown	SCN3A	unknown	SCN4A	unknown	SCN5A	unknown	SCN8A	unknown	SCN9A	unknown	SCN1B	unknown	SCN2B	unknown	SCN3B	unknown	SCN4B	unknown	HDAC2	unknown
Capreomycin
Zolmitriptan	5HT1B	agonist	5HT1D	agonist	5HT1F	agonist	5HT1A	agonist
Acetaminophen	PGH2	inhibitor	PGH1	inhibitor
Gefitinib	EGFR	antagonist
Codeine	OPRM	partial agonist	OPRK	partial agonist	OPRD	agonist
Piperacillin
Dihydroergotamine	5HT1D	agonist	5HT1B	agonist	ADA2A	agonist	5HT2B	agonist
Amitriptyline	SC6A2	inhibitor	SC6A4	inhibitor	5HT2A	antagonist	5HT1A	inhibitor	OPRD	agonist	OPRK	agonist	NTRK1	agonist	NTRK2	agonist	ADA1A	antagonist	ADA1D	antagonist	ADA2A	antagonist	HRH1	antagonist	ACM1	antagonist	ACM2	antagonist	ACM3	antagonist	ACM4	antagonist	ACM5	antagonist	KCNQ2	inhibitor	KCNA1	inhibitor	KCND2	inhibitor	KCND3	inhibitor	HRH2	blocker	HRH4	binder	SGMR1	agonist	5HT2C	binder	ADA1B	antagonist	5HT7R	antagonist	5HT1D	binder	OPRM	binder	5HT1B	binder	5HT6R	antagonist	KCNQ3	unknown	ADRB1	binder	ADRB2	binder	ADRB3	binder
Floxuridine	TYSY	unknown
Tolcapone	COMT	inhibitor
Fluorometholone	GCR	agonist
Nitroprusside	ANPRA	agonist
Calcium Gluceptate
Hydromorphone	OPRM	agonist	OPRD	partial agonist	OPRK	agonist
Indomethacin	PGH1	inhibitor	PGH2	inhibitor	PA2GA	inhibitor	PTGR2	inhibitor	PPARG	activator	LGUL	inhibitor	PD2R2	other/unknown	PPARA	agonist
Ethambutol
Metformin	AAKB1	inducer
Ipratropium bromide	ACM1	antagonist	ACM2	antagonist	ACM3	antagonist
Methadone	OPRM	agonist	NMD3A	antagonist	ACH10	antagonist	OPRD	agonist	5HT3A	antagonist
Olanzapine	5HT2A	antagonist	DRD2	agonist	DRD1	antagonist	DRD5	antagonist	DRD3	antagonist	DRD4	antagonist	5HT1A	antagonist	5HT1B	antagonist	5HT1D	antagonist	5HT1E	antagonist	5HT2C	antagonist	5HT3A	antagonist	5HT6R	antagonist	5HT7R	antagonist	HRH1	antagonist	ADA1A	antagonist	ADA1B	antagonist	ADA2A	antagonist	ADA2B	antagonist	ADA2C	antagonist	ACM1	antagonist	ACM2	antagonist	ACM3	antagonist	ACM4	antagonist	ACM5	antagonist	5HT2B	antagonist	5HT5A	antagonist	DRD1	antagonist	DRD5	antagonist	HRH2	antagonist	HRH4	antagonist	GBRA1	unknown	GBRA2	unknown	GBRA3	unknown	GBRA4	unknown	GBRA5	unknown	GBRA6	unknown	GBRB1	unknown	GBRB2	unknown	GBRB3	unknown	GBRD	unknown	GBRE	unknown	GBRG1	unknown	GBRG2	unknown	GBRG3	unknown	GBRP	unknown	GBRT	unknown	ADRB1	unknown	ADRB2	unknown	ADRB3	unknown
Atenolol	ADRB1	antagonist	ADRB2	unknown
Nitrofural
Pimecrolimus	MTOR	potentiator	FKB1A	potentiator
Omeprazole	ATP4A	inhibitor
Pyrazinamide
Metixene	ACM1	antagonist	ACM4	antagonist	ACM5	antagonist	ACM2	antagonist	ACM3	antagonist
Cetirizine	HRH1	antagonist
Terfenadine	HRH1	antagonist	KCNH2	inhibitor	ACM3	antagonist	ACM1	binder	ACM5	binder	ACM4	binder	ACM2	binder
Diltiazem	CCG1	inhibitor
Protriptyline	SC6A2	inhibitor	SC6A4	inhibitor
Aminohippurate
Alfuzosin	ADA1A	antagonist	ADA1B	antagonist	ADA1D	antagonist	KCNH2	unknown
Trimethadione	CAC1G	inhibitor
Nitisinone	HPPD	inhibitor
Clobazam	GBRA1	positive allosteric modulator	GBRA2	positive allosteric modulator	GBRA3	positive allosteric modulator	GBRA4	positive allosteric modulator	GBRA5	positive allosteric modulator	GBRA6	positive allosteric modulator	GBRB1	positive allosteric modulator	GBRB2	positive allosteric modulator	GBRB3	positive allosteric modulator	GBRD	positive allosteric modulator	GBRE	positive allosteric modulator	GBRG1	positive allosteric modulator	GBRG2	positive allosteric modulator	GBRG3	positive allosteric modulator	GBRP	positive allosteric modulator	GBRT	positive allosteric modulator
Minoxidil	IRK1	inducer	PGH1	inducer
Megestrol acetate	PRGR	agonist	GCR	agonist
Tioguanine
Methylergometrine	DRD1	antagonist
Buclizine	HRH1	antagonist	ACM1	antagonist
Aztreonam
Chlorzoxazone	KCMA1	unknown
Aminoglutethimide	CP19A	inhibitor	CP11A	inhibitor
Mefloquine	HBA	antagonist	AA2AR	antagonist
Sulfadiazine
Tetrahydrobiopterin	NOS3	cofactor	PH4H	cofactor	TY3H	cofactor	TPH1	cofactor
Vinorelbine	TBB5	inhibitor
Anidulafungin
Clozapine	DRD2	antagonist	5HT2A	antagonist	DRD1	antagonist	DRD3	antagonist	DRD4	antagonist	5HT1A	antagonist	5HT1B	antagonist	5HT1D	antagonist	5HT1E	antagonist	5HT2C	antagonist	5HT3A	antagonist	5HT6R	antagonist	5HT7R	antagonist	HRH1	antagonist	HRH4	antagonist	ADA1A	antagonist	ADA1B	antagonist	ADA2A	antagonist	ADA2B	antagonist	ADA2C	antagonist	ACM1	antagonist	ACM2	antagonist	ACM3	antagonist	ACM4	antagonist	ACM5	antagonist	CALY	unknown
Sucralfate	FGF2	agonist	EGF	inducer	FIBA	antagonist	FIBB	antagonist	FIBG	antagonist
Grepafloxacin
Doxylamine	HRH1	antagonist	ACM1	antagonist
Levonorgestrel	PRGR	binder	S5A1	inhibitor	ESR1	other	ANDR	agonist
Norepinephrine	ADA1A	agonist	ADA1B	agonist	ADA1D	agonist	ADA2A	agonist	ADA2B	agonist	ADA2C	agonist	ADRB1	agonist	ADRB2	agonist	ADRB3	agonist	PH4H	inhibitor	VMAT2	binder	VMAT1	binder
Cidofovir
Mirtazapine	5HT2A	antagonist	5HT3A	antagonist	ADA2A	antagonist	5HT2C	antagonist	OPRK	agonist	HRH1	antagonist	ADA2C	binder	5HT7R	binding	ADA1A	binder	ADA1B	binder	ADA1D	binder	DRD2	binder	DRD3	unknown	SC6A2	binder	SC6A4	binder	SC6A3	binder	5HT2B	binder	DRD1	binder	DRD5	binder	HRH3	antagonist	ADA1A	binder	ADRB1	binder	ADRB2	binder
Meprobamate	GBRA1	agonist	GBRA2	agonist	GBRA3	agonist	GBRA4	agonist	GBRA5	agonist	GBRA6	agonist	GBRA1	positive allosteric modulator	GBRA2	positive allosteric modulator	GBRA3	positive allosteric modulator	GBRA4	positive allosteric modulator	GBRA5	positive allosteric modulator	GBRA6	positive allosteric modulator	GBRB1	positive allosteric modulator	GBRB2	positive allosteric modulator	GBRB3	positive allosteric modulator	GBRD	positive allosteric modulator	GBRE	positive allosteric modulator	GBRG1	positive allosteric modulator	GBRG2	positive allosteric modulator	GBRG3	positive allosteric modulator	GBRP	positive allosteric modulator	GBRT	positive allosteric modulator
Thiethylperazine	DRD2	antagonist	DRD1	antagonist	DRD4	antagonist
Timolol	ADRB1	antagonist	ADRB2	antagonist
Treprostinil	PI2R	agonist	PPARD	agonist	P2Y12	agonist
Colestipol
Trihexyphenidyl	ACM1	antagonist	ACM2	antagonist	ACM3	antagonist	ACM4	antagonist	ACM5	antagonist
Palonosetron	5HT3A	antagonist
Dydrogesterone	PRGR	agonist
Mexiletine	SCN5A	inhibitor	AHR	agonist
Dexrazoxane	TOP2A	inhibitor	TOP2B	unknown
Amlodipine	CAC1C	inhibitor	CA2D1	inhibitor	CACB2	inhibitor	CAC1D	inhibitor	CAC1S	inhibitor	CAC1B	inhibitor	CA2D3	inhibitor	Q6TME4	inhibitor	CAH1	inhibitor	ASM	unknown
Tacrine	ACES	inhibitor	CHLE	inhibitor
Oxyphencyclimine	ACM3	antagonist	ACM1	antagonist	ACM2	antagonist
Triamterene	SCNNG	inhibitor	SCNNA	inhibitor	SCNNB	inhibitor	SCNND	inhibitor
Valrubicin	TOP2A	inhibitor
Alseroxylon	VMAT2	inhibitor
Procyclidine	ACM1	antagonist	ACM2	antagonist	ACM4	antagonist	ACM3	antagonist
Phenylephrine	ADA1A	unknown	ADA1B	unknown	ADA1D	unknown
Carbimazole	PERT	inhibitor
Digoxin	AT1A1	unknown
Sulpiride	DRD2	antagonist	DRD3	antagonist
Ethopropazine	ACM1	antagonist	NMD3A	antagonist	ACM2	antagonist
Nimodipine	CAC1C	inhibitor	CAC1D	inhibitor	CAC1F	inhibitor	CAC1S	inhibitor	CACB1	inhibitor	CACB2	inhibitor	CACB3	inhibitor	CACB4	inhibitor	MCR	antagonist	AHR	agonist
Beclomethasone	GCR	agonist
Carisoprodol
Progesterone	PRGR	agonist	ESR1	agonist	MCR	antagonist	CP17A	inhibitor	OPRK	activator
Phenylpropanolamine	ADA1A	agonist	ADA2A	agonist	DRD1	partial agonist	ADRB1	agonist	ADRB2	agonist
Sorafenib	BRAF	inhibitor	RAF1	inhibitor	VGFR3	antagonist	VGFR2	antagonist	FLT3	antagonist	PGFRB	antagonist	KIT	antagonist	FGFR1	inhibitor	RET	inhibitor	VGFR1	inhibitor
Zoledronate	FPPS	inhibitor	GGPPS	inhibitor
Griseofulvin	K1C12	other/unknown
Nisoldipine	CAC1C	inhibitor	CA2D1	inhibitor	CACB2	inhibitor	CAC1D	inhibitor	CAC1S	inhibitor
Eszopiclone	GBRA1	potentiator	GBRA2	agonist	GBRA3	agonist	GBRA5	agonist	TSPOA	agonist	GBRA1	positive allosteric modulator	GBRA2	positive allosteric modulator	GBRA3	positive allosteric modulator	GBRA4	positive allosteric modulator	GBRA5	positive allosteric modulator	GBRA6	positive allosteric modulator	GBRB1	positive allosteric modulator	GBRB2	positive allosteric modulator	GBRB3	positive allosteric modulator	GBRD	positive allosteric modulator	GBRE	positive allosteric modulator	GBRG1	positive allosteric modulator	GBRG2	positive allosteric modulator	GBRG3	positive allosteric modulator	GBRP	positive allosteric modulator	GBRT	positive allosteric modulator
Ceruletide	CCKAR	inducer
Alprazolam	GBRA1	positive allosteric modulator	GBRA2	positive allosteric modulator	GBRA3	positive allosteric modulator	GBRA4	positive allosteric modulator	GBRA5	positive allosteric modulator	GBRA6	positive allosteric modulator	GBRB1	positive allosteric modulator	GBRB2	positive allosteric modulator	GBRB3	positive allosteric modulator	GBRD	positive allosteric modulator	GBRE	positive allosteric modulator	GBRG1	positive allosteric modulator	GBRG2	positive allosteric modulator	GBRG3	positive allosteric modulator	GBRP	positive allosteric modulator	GBRT	positive allosteric modulator
Dexbrompheniramine	HRH1	antagonist
Gentian Violet
Ardeparin	ANT3	potentiator	HEP2	agonist
Loxapine	DRD2	antagonist	DRD1	antagonist	5HT2A	antagonist	5HT2C	antagonist	5HT1A	binder	5HT1B	binder	5HT1D	binder	5HT1E	binder	5HT3A	binder	5HT5A	binder	5HT6R	binder	5HT7R	binder	ADA1A	binder	ADA1B	binder	ADA2A	binder	ADA2B	binder	ADA2C	binder	ADRB1	binder	ACM1	binder	ACM2	binder	ACM3	binder	ACM4	binder	ACM5	binder	DRD1	binder	DRD5	binder	DRD3	binder	DRD4	binder	DRD5	binder	HRH1	binder	HRH2	binder	HRH4	binder	SC6A4	binder	SC6A2	binder	SC6A3	binder
Remoxipride	DRD2	antagonist	DRD4	antagonist	DRD3	antagonist	5HT2A	other/unknown	SGMR1	antagonist
Mupirocin
Carbachol	ACM1	agonist	ACM2	agonist	ACHA2	agonist
Rosiglitazone	PPARG	agonist	ACSL4	inhibitor
Pramipexole	DRD3	agonist	DRD2	agonist	DRD4	agonist	ADA2B	unknown	5HT1A	unknown	5HT1D	unknown	ADA2A	partial agonist	5HT1B	unknown	5HT2A	unknown	5HT2B	unknown	5HT2C	unknown	ADA2C	unknown	DRD1	unknown	DRD5	unknown
Acetohexamide	IRK1	inhibitor
Ampicillin
Metocurine Iodide	ACHA2	antagonist
Penicillin V
Secobarbital	GBRA1	potentiator	GBRA2	potentiator	GBRA3	potentiator	GBRA4	potentiator	GBRA5	potentiator	GBRA6	potentiator	ACHA4	antagonist	ACHA7	antagonist	GRIA2	antagonist	GRIK2	antagonist	NMDZ1	antagonist	NMDE1	antagonist	NMDE2	antagonist	NMDE3	antagonist	NMDE4	antagonist	NMD3A	antagonist	NMD3B	antagonist
Miglustat	CEGT	inhibitor
Promazine	DRD2	antagonist	5HT2A	antagonist	5HT2C	antagonist	DRD1	antagonist	DRD4	antagonist	ACM4	antagonist	ACM2	antagonist	ACM3	antagonist	ACM1	antagonist	ADA1B	antagonist	ACM5	antagonist	ADA1A	antagonist	HRH1	antagonist	ADA1D	antagonist
Spironolactone	MCR	antagonist	ANDR	antagonist	PRGR	agonist	GCR	antagonist	C11B2	antagonist	S5A1	antagonist	S5A2	antagonist	SHBG	binder	CCG1	unknown	CA2D1	unknown	CA2D2	unknown	CA2D3	unknown	CAC1C	unknown	CAC1D	unknown	CAC1F	unknown	CAC1S	unknown	CACB1	unknown	CACB2	unknown	CACB3	unknown	CACB4	unknown	CAC1B	unknown	CAC1A	unknown	CAC1G	unknown	CAC1H	unknown	CAC1I	unknown	Q6TME4	unknown
Methylphenidate	SC6A3	inhibitor	SC6A2	inhibitor	SC6A4	inhibitor
Methocarbamol	CAH1	inhibitor
Hyoscyamine	ACM1	antagonist	ACM2	antagonist	ACM3	antagonist	ACM4	antagonist
Zolpidem	GBRA1	potentiator	GBRA2	agonist	GBRA3	agonist
Famciclovir
Triprolidine	HRH1	antagonist
Streptozocin	GTR2	ligand
Carboprost Tromethamine	PE2R1	agonist
Cefpiramide
Lindane	GBRB1	antagonist	GLRA1	antagonist	GLRA2	antagonist	GLRA3	antagonist	GLRB	antagonist
Trifluridine	TYSY	inhibitor
Prochlorperazine	DRD2	antagonist
Cyproheptadine	HRH1	antagonist	5HT2A	antagonist	5HT2C	antagonist	ACM1	antagonist	ACM2	antagonist	ACM3	antagonist
Nitric Oxide	GCYA2	inducer
Bendroflumethiazide	S12A3	inhibitor	KCMA1	inducer	CAH1	inhibitor	CAH2	inhibitor	CAH4	inhibitor
Allopurinol	XDH	inhibitor
Ceftazidime
Cerivastatin	HMDH	inhibitor
Trimethoprim	TYSY	inhibitor	DYR	inhibitor
Gemcitabine	RIR1	inhibitor	TYSY	inhibitor	KCY	inhibitor
Entecavir
Betamethasone	GCR	agonist
Teniposide	TOP2A	inhibitor
Epirubicin	CHD1	antagonist	TOP2A	inhibitor
Chloramphenicol	DAF	other
Loracarbef
Lansoprazole	ATP4A	inhibitor
Dipivefrin	ADA1A	agonist	ADA2A	agonist	ADRB2	agonist	CHLE	potentiator	ACES	unknown
Droperidol	DRD2	antagonist	ADA1A	antagonist
Levothyroxine	THA	agonist	THB	agonist
Framycetin	CXCR4	antagonist
Clomocycline
Pethidine	OPRK	unknown	NMDZ1	antagonist	NMDE2	antagonist	NMDE1	antagonist	NMDE3	antagonist	NMDE4	antagonist	ACM1	binder	ACM2	binder	ACM3	binder	ACM4	binder	ACM5	binder	OPRM	agonist	SC6A3	unknown	SC6A2	unknown	SC6A4	binding
Loratadine	HRH1	antagonist
Cefalotin
Prazosin	ADA1A	antagonist	ADA1B	antagonist	ADA1D	antagonist	KCNH2	inhibitor	KCNH6	inhibitor	KCNH7	inhibitor	ADA2A	binder	ADA2B	binder
Imipramine	SC6A2	inhibitor	SC6A4	inhibitor	5HT2A	antagonist	HRH1	antagonist	ADA1A	antagonist	ADA1D	antagonist	ACM1	antagonist	ACM2	antagonist	ACM3	antagonist	ACM4	antagonist	ACM5	antagonist	KCND2	inhibitor	KCND3	inhibitor	5HT2C	binder	ADA1B	antagonist	5HT7R	antagonist	DRD1	binder	DRD5	binder	DRD2	binder	KCNH2	inhibitor	SC6A3	unknown	5HT1A	activator	5HT6R	binder
Acitretin	RXRA	agonist	RARA	agonist	RARB	agonist	RARG	agonist	RXRB	agonist	RXRG	agonist	RET1	agonist
Verteporfin
Nabumetone	PGH2	inhibitor	PGH1	inhibitor
Methylscopolamine bromide	ACM1	antagonist	ACM2	antagonist	ACM3	antagonist
Metharbital	GBRA1	potentiator	GBRA2	potentiator	GBRA3	potentiator	GBRA4	potentiator	GBRA5	potentiator	GBRA6	potentiator	ACHA4	antagonist	ACHA7	antagonist	GRIA2	antagonist	GRIK2	antagonist	GBRA1	positive allosteric modulator	GBRA2	positive allosteric modulator	GBRA3	positive allosteric modulator	GBRA4	positive allosteric modulator	GBRA5	positive allosteric modulator	GBRA6	positive allosteric modulator	GBRB1	positive allosteric modulator	GBRB2	positive allosteric modulator	GBRB3	positive allosteric modulator	GBRD	positive allosteric modulator	GBRE	positive allosteric modulator	GBRG1	positive allosteric modulator	GBRG2	positive allosteric modulator	GBRG3	positive allosteric modulator	GBRP	positive allosteric modulator	GBRT	positive allosteric modulator
Sodium Tetradecyl Sulfate	PROC	inhibitor	PROS	inhibitor
Ketorolac	PGH2	inhibitor	PGH1	inhibitor
Picrotoxin	GBRR1	antagonist	GBRA1	antagonist	GLRA2	antagonist	GLRA3	antagonist
Enoxacin	TOP2A	inhibitor
Quinine	GPIX	other	KCNN4	inhibitor
Tenoxicam	PGH2	inhibitor	PGH1	inhibitor
Dronabinol	CNR1	agonist	CNR2	agonist
Montelukast	CLTR1	antagonist	LOX5	other/unknown
Fluoxetine	SC6A4	inhibitor
Hexylcaine	SCN5A	inhibitor	SCNAA	inhibitor
Methohexital	GBRA1	antagonist
Chlordiazepoxide	GBRA1	positive allosteric modulator	GBRA2	positive allosteric modulator	GBRA3	positive allosteric modulator	GBRA4	positive allosteric modulator	GBRA5	positive allosteric modulator	GBRA6	positive allosteric modulator	GBRB1	positive allosteric modulator	GBRB2	positive allosteric modulator	GBRB3	positive allosteric modulator	GBRD	positive allosteric modulator	GBRE	positive allosteric modulator	GBRG1	positive allosteric modulator	GBRG2	positive allosteric modulator	GBRG3	positive allosteric modulator	GBRP	positive allosteric modulator	GBRT	positive allosteric modulator
Duloxetine	SC6A4	inhibitor	SC6A2	inhibitor	SC6A3	inhibitor
Chlorpromazine	DRD2	antagonist	DRD1	antagonist	5HT2A	antagonist	5HT1A	antagonist	ADA1A	antagonist	ADA1B	antagonist	HRH1	antagonist	KCNH2	unknown	DRD1	unknown	DRD5	unknown	DRD3	unknown	DRD4	binder	D	unknown	RD5	unknown	5HT2C	binder	5HT2A	binder	5HT2B	binder	5HT2C	binder	ADA1A	unknown	ADA1B	unknown	ADA1D	unknown	ADA2A	unknown	ADA2B	unknown	ADA2C	unknown	ACM1	unknown	ACM3	unknown	ASM	unknown	CALM	unknown	A1AG1	binder	A1AG2	binder	5HT6R	binder	5HT7R	binder	HRH4	binder
Rimantadine
Amikacin
Lenalidomide	CRBN	inhibitor	TNF11	inhibitor	CADH5	antagonist	PGH2	negative modulator
Raloxifene	ESR1	agonist	ESR2	agonist
Celecoxib	PGH2	inhibitor	PDPK1	inhibitor
Gallamine Triethiodide	ACM2	antagonist	ACES	inhibitor	ACHA2	antagonist
Brimonidine	ADA2A	agonist	ADA2B	agonist	ADA2C	agonist
Dicloxacillin
Nabilone	CNR2	partial agonist	CNR1	partial agonist
Pefloxacin	TOP2A	inhibitor
Altretamine
Sotalol	KCNH2	inhibitor	ADRB1	antagonist	ADRB2	antagonist
Buspirone	5HT1A	partial agonist	DRD2	antagonist
Miglitol	MGA	inhibitor	LYAG	antagonist	GANAB	antagonist	GANC	antagonist
Fosinopril	ACE	inhibitor
Cefotaxime
Entacapone	COMT	inhibitor
Zidovudine	TERT	inhibitor
Darifenacin	ACM3	antagonist	ACM1	antagonist	ACM2	antagonist	ACM4	antagonist	ACM5	antagonist
Oxycodone	OPRM	agonist	OPRK	agonist	OPRD	agonist	A1AG1	binder	A1AG2	binder
Phenindione	VKOR1	inhibitor
Flutamide	ANDR	antagonist	AHR	agonist
Tolmetin	PGH2	inhibitor	PGH1	inhibitor
Cimetidine	HRH2	antagonist
Haloperidol	DRD2	antagonist	DRD1	antagonist	NMDE2	antagonist	5HT2A	other/unknown	DRD3	inverse agonist
Ritonavir
Levallorphan	OPRM	partial agonist
Tridihexethyl	ACM3	antagonist	ACM1	antagonist	ACM2	antagonist
Nitazoxanide
Triflupromazine	DRD1	antagonist	DRD2	antagonist	5HT2B	antagonist	ACM1	antagonist	ACM2	antagonist
Dextrothyroxine	THA	agonist	THB	agonist	PERT	unknown
2-(ETHOXYMETHYL)-4-(4-FLUOROPHENYL)-3-[2-(2-HYDROXYPHENOXY)PYRIMIDIN-4-YL]ISOXAZOL-5(2H)-ONE	MK14	unknown
4-{[(Z)-(5-OXO-2-PHENYL-1,3-OXAZOL-4(5H)-YLIDENE)METHYL]AMINO}BUTANOIC ACID	HV307	unknown
6-(DIFLUORO-PHOSPHONO-METHYL)-NAPHTHALENE-2-CARBOXYLIC ACID	PTN1	unknown
2-AMINO-1-METHYL-6-PHENYLIMIDAZO[4,5-B]PYRIDINE	ESR1	unknown	NCOA2	unknown
PICEATANNOL	ATPA	unknown	ATPB	unknown	ATPG	unknown
4-(3-{[5-(trifluoromethyl)pyridin-2-yl]oxy}benzyl)piperidine-1-carboxylic acid	FAAH1	unknown
(2E)-2-({(2S)-2-CARBOXY-2-[(PHENOXYACETYL)AMINO]ETHOXY}IMINO)PENTANEDIOIC ACID
2-[(2,4-DICHLOROBENZOYL)AMINO]-5-(PYRIMIDIN-2-YLOXY)BENZOIC ACID	PPARG	unknown	NCOA2	unknown	RXRA	unknown
METHYLAMINO-PHENYLALANYL-LEUCYL-HYDROXAMIC ACID	MMP1	unknown	MMP8	unknown
S-(2-{[N-(2-HYDROXY-4-{[HYDROXY(OXIDO)PHOSPHINO]OXY}-3,3-DIMETHYLBUTANOYL)-BETA-ALANYL]AMINO}ETHYL) HEXANETHIOATE
S-(2-{[N-(2-HYDROXY-4-{[HYDROXY(OXIDO)PHOSPHINO]OXY}-3,3-DIMETHYLBUTANOYL)-BETA-ALANYL]AMINO}ETHYL) HEPTANETHIOATE
[N-(2,4-DIAMINOPTERIDIN-6-YL)-METHYL]-DIBENZ[B,F]AZEPINE	DYR	unknown
PLATENSIMYCIN
(3R)-3-hydroxy-2,2-dimethyl-4-oxo-4-({3-oxo-3-[(2-sulfanylethyl)amino]propyl}amino)butyl 2,2-dimethylpropanoate
4-NITRO-BENZYLPHOSPHONOBUTANOYL-GLYCINE	IGHG1	unknown	IGHG2	unknown
PARA-NITROBENZYL GLUTARYL GLYCINIC ACID	IGHG1	unknown
PARA-NITROPHENYL PHOSPHONOBUTANOYL L-ALANINE	IGHG1	unknown
6-{4-[HYDROXY-(4-NITRO-PHENOXY)-PHOSPHORYL]-BUTYRYLAMINO}-HEXANOIC ACID	IGHG1	unknown
METHYL-PHOSPHONIC ACID MONO-(4-NITRO-PHENYL) ESTER	IGKC	unknown	PPB1	unknown
6-CHLORO-2-(1-FURO[2,3-C]PYRIDIN-5-YL-ETHYLSULFANYL)-PYRIMIDIN-4-YLAMINE
(9BETA,13ALPHA,14BETA,17ALPHA)-2-METHOXYESTRA-1,3,5(10)-TRIENE-3,17-DIYL DISULFAMATE	CAH2	unknown
(4aS,4bR,10bS,12aS)-12a-methyl-1,3-dioxo-2-(pyridin-3-ylmethyl)-1,2,3,4,4a,4b,5,6,10b,11,12,12a-dodecahydronaphtho[2,1-f]isoquinolin-8-yl sulfamate	CAH2	unknown
(1S)-1-(PHENOXYMETHYL)PROPYL METHYLPHOSPHONOCHLORIDOATE
1-{[1-(2-AMINO-3-PHENYL-PROPIONYL)-PYRROLIDINE-2-CARBONYL]-AMINO}-2-(3-CYANO-PHENYL)-ETHANEBORONIC ACID	TRY1	unknown
PIPERIDINE-2-CARBOXYLIC ACID TERT-BUTYLAMIDE
[PHENYLALANINYL-PROLINYL]-[2-(PYRIDIN-4-YLAMINO)-ETHYL]-AMINE	THRB	unknown
[5-AMINO-1-(4-FLUOROPHENYL)-1H-PYRAZOL-4-YL][3-(PIPERIDIN-4-YLOXY)PHENYL]METHANONE	MK14	unknown
[5-AMINO-1-(4-FLUOROPHENYL)-1H-PYRAZOL-4-YL](3-{[(2R)-2,3-DIHYDROXYPROPYL]OXY}PHENYL)METHANONE	MK14	unknown
3(S)-AMINO-4-PHENYL-BUTAN-2(R)-OL
THIENO[3,2-B]PYRIDINE-2-SULFONIC ACID [2-OXO-1-(1H-PYRROLO[2,3-C]PYRIDIN-2-YLMETHYL)-PYRROLIDIN-3-YL]-AMIDE	FA10	unknown
PREPHENIC ACID
3(S)-AMINO-4-PHENYL-BUTAN-2(S)-OL
N-({(2S)-1-[(3R)-3-amino-4-(3-chlorophenyl)butanoyl]pyrrolidin-2-yl}methyl)-3-(methylsulfonyl)benzamide	DPP4	unknown
PARA-NITROPHENYL 1-THIO-BETA-D-GLUCOPYRANOSIDE	LCTL	unknown
[(3R,4S)-4-HYDROXY-3-METHYL-2-OXOHEXYL]PHOSPHONIC ACID
THYMIDINE-5'-THIOPHOSPHATE
phenyl ethenesulfonate
2-METHYLCARBAMOYL-3-(4-PHOSPHONOOXY-PHENYL)-CYCLOPROPANECARBOXYLIC ACID
(5E,14E)-11-oxoprosta-5,9,12,14-tetraen-1-oic acid	PPARG	unknown
8-BENZO[1,3]DIOXOL-,5-YLMETHYL-9-BUTYL-9H-	HS90A	unknown
PUROMYCIN	RL10L	unknown	RL13A	unknown	RL23	unknown	RL15	unknown	RL19	unknown	RL23A	unknown	RLP24	unknown	RL26L	unknown	RL8	unknown	RL37	unknown	RL3	unknown	RL11	unknown	NH2L1	unknown
(2E,4R,5S)-2,3,4,5-TETRAHYDROXY-6-(PALMITOYLOXY)HEX-2-ENOIC ACID
parecoxib	TRFL	unknown
N-1,10-phenanthrolin-5-ylacetamide
6-BROMO-13-THIA-2,4,8,12,19-PENTAAZATRICYCLO[12.3.1.1~3,7~]NONADECA-1(18),3(19),4,6,14,16-HEXAENE 13,13-DIOXIDE	CDK2	unknown
4-{[(2R)-2-(2-methylphenyl)pyrrolidin-1-yl]carbonyl}benzene-1,3-diol	HS90A	unknown
2-(1H-pyrrol-1-ylcarbonyl)benzene-1,3,5-triol	HS90A	unknown
3-[2-bromo-4-(1H-pyrazolo[3,4-c]pyridazin-3-ylmethyl)phenoxy]-5-methylbenzonitrile
(3R,4S)-1-[6-(6-METHOXYPYRIDIN-3-YL)PYRIMIDIN-4-YL]-4-(2,4,5-TRIFLUOROPHENYL)PYRROLIDIN-3-AMINE	DPP4	unknown
3-[6-bromo-2-fluoro-3-(1H-pyrazolo[3,4-c]pyridazin-3-ylmethyl)phenoxy]-5-chlorobenzonitrile
3-{3-[(DIMETHYLAMINO)METHYL]-1H-INDOL-7-YL}PROPAN-1-OL	PA2GE	unknown
(4aS)-5-[(2,4-diaminopteridin-6-yl)methyl]-4a,5-dihydro-2H-dibenzo[b,f]azepin-8-ol	DYR	unknown
2-(3-((4,5,7-trifluorobenzo[d]thiazol-2-yl)methyl)-1H-pyrrolo[2,3-b]pyridin-1-yl)acetic acid	ALDR	unknown
N-1H-indazol-5-yl-2-(6-methylpyridin-2-yl)quinazolin-4-amine	TGFR1	unknown
N-(QUINOLIN-8-YL)METHANESULFONAMIDE
2-NONYL-4-HYDROXYQUINOLINE N-OXIDE	CY1	unknown	CYB	unknown	QCR1	unknown	QCR2	unknown	QCR6	unknown	QCR8	unknown	UCRI	unknown	QCR10	unknown	QCR7	unknown	QCR9	unknown
N-(5-METHYL-1H-PYRAZOL-3-YL)-2-PHENYLQUINAZOLIN-4-AMINE	KCC1D	unknown
9-(4-HYDROXY-2,6-DIMETHYL-PHENYL)-3,7-DIMETHYL-NONA-4,6,8-TRIENOIC ACID
3-{[(2,2,5,5-TETRAMETHYL-1-OXO-4-PHENYL-2,5-DIHYDRO-1H-PYRROLIUM-3-YL)METHYL]DISULFANYL}-D-ALANINE
4-(3,5-DIMETHYLPHENOXY)-5-(FURAN-2-YLMETHYLSULFANYLMETHYL)-3-IODO-6-METHYLPYRIDIN-2(1H)-ONE
(4-BROMOPHENYL)[4-({(2E)-4-[CYCLOPROPYL(METHYL)AMINO]BUT-2-ENYL}OXY)PHENYL]METHANONE
3-chloro-5-[2-chloro-5-(1H-pyrazolo[3,4-b]pyridin-3-ylmethoxy)phenoxy]benzonitrile
3-{5-[(6-amino-1H-pyrazolo[3,4-b]pyridin-3-yl)methoxy]-2-chlorophenoxy}-5-chlorobenzonitrile
3-[(4-AMINO-1-TERT-BUTYL-1H-PYRAZOLO[3,4-D]PYRIMIDIN-3-YL)METHYL]PHENOL	ANDR	unknown
N-(4-PHENYLAMINO-QUINAZOLIN-6-YL)-ACRYLAMIDE	SRC	unknown
(2R)-2-({9-(1-methylethyl)-6-[(4-pyridin-2-ylbenzyl)amino]-9H-purin-2-yl}amino)butan-1-ol	CDK2	unknown	CCNA2	unknown
METHYL 3-CHLORO-2-{3-[(2,5-DIHYDROXY-4-METHOXYPHENYL)AMINO]-3-OXOPROPYL}-4,6-DIHYDROXYBENZOATE	HS90B	unknown	ENPL	unknown
2-(3-AMINO-2,5,6-TRIMETHOXYPHENYL)ETHYL 5-CHLORO-2,4-DIHYDROXYBENZOATE	HS90B	unknown	ENPL	unknown
5-[2-(4-hydroxyphenyl)ethyl]benzene-1,3-diol	LKHA4	unknown
6-(2,3,4,5,6,7-HEXAHYDRO-2,4,4-TRIMETHYL-1-METYLENEINDEN-2-YL)-3-METHYLHEXA-2,4-DIENOIC ACID
2,3,7,8-tetrahydroxychromeno[5,4,3-cde]chromene-5,10-dione	CSK21	unknown
tert-butyl 4-(3-thiophen-2-yl-1,2,4-oxadiazol-5-yl)piperidine-1-carboxylate
3-(4-fluorophenyl)-5-phenyl-4H-1,2,4-triazole
1-(thiophen-2-ylacetyl)-4-(3-thiophen-2-yl-1,2,4-oxadiazol-5-yl)piperidine
(3R)-N-methyl-3-phenyl-3-[4-(trifluoromethyl)phenoxy]propan-1-amine
5,6-dichloro-1-beta-D-ribofuranosyl-1H-benzimidazole	CSK21	unknown
3-(CARBOXYAMIDE(2-CARBOXYAMIDE-2-TERTBUTYLETHYL))PENTAN
[(4R)-2,2-DIMETHYL-1,3-DIOXOLAN-4-YL]METHYL HYDROGEN HEX-5-ENYLPHOSPHONATE
3-AMINO-AZACYCLOTRIDECAN-2-ONE	MMP8	unknown
5-chloro-N-({(5S)-2-oxo-3-[4-(3-oxomorpholin-4-yl)phenyl]-1,3-oxazolidin-5-yl}methyl)thiophene-2-carboxamide	FA10	unknown
N-[2-chloro-5-(trifluoromethyl)phenyl]imidodicarbonimidic diamide	TYSY	unknown
N-(3,5-dimethoxyphenyl)imidodicarbonimidic diamide	TYSY	unknown
4-HYDROXY-N-PROPARGYL-1(R)-AMINOINDAN	AOFB	unknown
4-METHYL-N-{(5E)-5-[(5-METHYL-2-FURYL)METHYLENE]-4-OXO-4,5-DIHYDRO-1,3-THIAZOL-2-YL}BENZENESULFONAMIDE
[[1-[N-HYDROXY-ACETAMIDYL]-3-METHYL-BUTYL]-CARBONYL-LEUCINYL]-ALANINE ETHYL ESTER	MMP1	unknown
4-AMINO-N-[(2-SULFANYLETHYL)CARBAMOYL]BENZENESULFONAMIDE	F16P1	unknown
(1S,4S,5S)-1,4,5-TRIHYDROXY-3-[3-(PHENYLTHIO)PHENYL]CYCLOHEX-2-ENE-1-CARBOXYLIC ACID
2-{4-[(3,5-DIMETHYLANILINO)-CARBONYL-METHYL]-PHENOXY}-2-METHYLPROPIONIC ACID	HBA	unknown	HBB	unknown
3-({4-[(6-CHLORO-1-BENZOTHIEN-2-YL)SULFONYL]-2-OXOPIPERAZIN-1-YL}METHYL)BENZENECARBOXIMIDAMIDE	FA10	unknown
4-{[(E)-2-(5-CHLOROTHIEN-2-YL)VINYL]SULFONYL}-1-(1H-PYRROLO[3,2-C]PYRIDIN-2-YLMETHYL)PIPERAZIN-2-ONE	FA10	unknown
N4-HYDROXY-2-ISOBUTYL-N1-(9-OXO-1,8-DIAZA-TRICYCLO[10.6.1.013,18]NONADECA-12(19),13,15,17-TETRAEN-10-YL)-SUCCINAMIDE	MMP7	unknown
4-[4-(4-CHLORO-PHENOXY)-BENZENESULFONYLMETHYL]-TETRAHYDRO-PYRAN-4-CARBOXYLIC ACID HYDROXYAMIDE	MMP13	unknown
N-HYDROXY-2-[4-(4-PHENOXY-BENZENESULFONYL)-TETRAHYDRO-PYRAN-4-YL]-ACETAMIDE	MMP1	unknown
(2E)-3-(2-OCT-1-YN-1-YLPHENYL)ACRYLIC ACID	LOX15	unknown
5-METHYL-3-(9-OXO-1,8-DIAZA-TRICYCLO[10.6.1.013,18]NONADECA-12(19),13,15,17-TETRAEN-10-YLCARBAMOYL)-HEXANOIC ACID	MMP7	unknown
S-{2-[(2-chloro-4-sulfamoylphenyl)amino]-2-oxoethyl} 6-methyl-3,4-dihydroquinoline-1(2H)-carbothioate
4-({4-[(6-CHLORO-1-BENZOTHIEN-2-YL)SULFONYL]-2-OXOPIPERAZIN-1-YL}METHYL)BENZENECARBOXIMIDAMIDE	FA10	unknown
(1S)-2-oxo-1-phenyl-2-[(1,3,4-trioxo-1,2,3,4-tetrahydroisoquinolin-5-yl)amino]ethyl acetate	CASP3	unknown
(1S)-1-(3-chlorophenyl)-2-oxo-2-[(1,3,4-trioxo-1,2,3,4-tetrahydroisoquinolin-5-yl)amino]ethyl acetate	CASP3	unknown
N-[3-(2-fluoroethoxy)phenyl]-N'-(1,3,4-trioxo-1,2,3,4-tetrahydroisoquinolin-6-yl)butanediamide	CASP3	unknown
(3S,5R,7R,8S,9S,10R)-7-(hydroxymethyl)-3-(2-naphthyl)-1,6-dioxa-2-azaspiro[4.5]decane-8,9,10-triol	PYGM	unknown
DIETHYL PROPANE-1,3-DIYLBISCARBAMATE
5-(3,5-DICHLOROPHENYL)THIO-4-ISOPROPYL-1-(PYRIDIN-4-YL-METHYL)-1H-IMIDAZOL-2-YL-METHYL CARBAMATE
(3S,5R,7R,8S,9S,10R)-7-(hydroxymethyl)-3-(4-methylphenyl)-1,6-dioxa-2-azaspiro[4.5]decane-8,9,10-triol	PYGM	unknown
6-(4-{(1S,2S)-2-AMINO-1-[(DIMETHYLAMINO)CARBONYL]-3-[(3S)-3-FLUOROPYRROLIDIN-1-YL]-3-OXOPROPYL}PHENYL)-1H-[1,2,4]TRIAZOLO[1,5-A]PYRIDIN-4-IUM	DPP4	unknown
methyl 4-bromo-N-[8-(hydroxyamino)-8-oxooctanoyl]-L-phenylalaninate
N-{(2S)-3-[(1R)-1-aminoethyl](hydroxy)phosphoryl-2-benzylpropanoyl}-L-phenylalanine
N-[[2-METHYL-4-HYDROXYCARBAMOYL]BUT-4-YL-N]-BENZYL-P-[PHENYL]-P-[METHYL]PHOSPHINAMID	MMP3	unknown
N-BENZOYL-D-ALANINE
1-[6-(2-CHLORO-4-METHYXYPHENOXY)-HEXYL]-IMIDAZOLE
5-ALPHA-PREGNANE-3-BETA-OL-HEMISUCCINATE	IGHG2	unknown
6-amino-2-methyl-1,7-dihydro-8H-imidazo[4,5-g]quinazolin-8-one
6-amino-2-[(1-naphthylmethyl)amino]-3,7-dihydro-8H-imidazo[4,5-g]quinazolin-8-one
[4-({5-(AMINOCARBONYL)-4-[(3-METHYLPHENYL)AMINO]PYRIMIDIN-2-YL}AMINO)PHENYL]ACETIC ACID	MK01	unknown	INSR	unknown	IRS1	unknown
6-amino-2-[(thiophen-2-ylmethyl)amino]-1,7-dihydro-8H-imidazo[4,5-g]quinazolin-8-one
(3AR,6R,6AS)-6-((S)-((S)-CYCLOHEX-2-ENYL)(HYDROXY)METHYL)-6A-METHYL-4-OXO-HEXAHYDRO-2H-FURO[3,2-C]PYRROLE-6-CARBALDEHYDE	PSA1	unknown	PSA2	unknown	PSA3	unknown	PSA4	unknown	PSA5	unknown	PSA6	unknown	PSA7	unknown	PSB1	unknown	PSB2	unknown	PSB3	unknown	PSB4	unknown	PSB5	unknown	PSB6	unknown	PSB7	unknown
(S)-(+)-2-[4-(FLUOROBENZYLOXY-BENZYLAMINO)PROPIONAMIDE]	AOFB	unknown
(2S)-5-hydroxy-2-(4-hydroxyphenyl)-7-methoxy-2,3-dihydro-4H-chromen-4-one
N~4~-(3-methyl-1H-indazol-6-yl)-N~2~-(3,4,5-trimethoxyphenyl)pyrimidine-2,4-diamine	VGFR2	unknown
(21S)-1AZA-4,4-DIMETHYL-6,19-DIOXA-2,3,7,20-TETRAOXOBICYCLO[19.4.0] PENTACOSANE	FKB1A	unknown
4-[5-(4-FLUORO-PHENYL)-2-(4-METHANESULFINYL-PHENYL)-3H-IMIDAZOL-4-YL]-PYRIDINE	MK14	unknown	MK01	unknown
4-(4-FLUOROPHENYL)-1-CYCLOROPROPYLMETHYL-5-(4-PYRIDYL)-IMIDAZOLE	MK14	unknown
[HYDROXY(3-PHENYLPROPYL)AMINO]METHANOL
2-(3-BENZOYLPHENOXY)ETHYL(HYDROXY)FORMAMIDE
HYDROXY[3-(6-METHYLPYRIDIN-2-YL)PROPYL]FORMAMIDE
CARBOBENZYLOXY-(L)-LEUCINYL-(L)LEUCINYL METHOXYMETHYLKETONE	CATH	unknown
1-[4-(AMINOSULFONYL)PHENYL]-1,6-DIHYDROPYRAZOLO[3,4-E]INDAZOLE-3-CARBOXAMIDE	CCNA2	unknown	CDK2	unknown
2-AMINO-6-(3,5-DIMETHYLPHENYL)SULFONYLBENZONITRILE
(6E,11E)-HEPTADECA-6,11-DIENE-9,9-DIYLBIS(PHOSPHONIC ACID)	GGPPS	unknown
7-BENZYL-1,3-DIMETHYL-8-PIPERAZIN-1-YL-3,7-DIHYDRO-PURINE-2,6-DIONE	DPP4	unknown
5-(2,3-dichlorophenyl)-N-(pyridin-4-ylmethyl)pyrazolo[1,5-a]pyrimidin-7-amine	CDK2	unknown
6-(2-fluorophenyl)-N-(pyridin-3-ylmethyl)imidazo[1,2-a]pyrazin-8-amine	CDK2	unknown
3-methyl-N-(pyridin-4-ylmethyl)imidazo[1,2-a]pyrazin-8-amine	CDK2	unknown
5-(2-fluorophenyl)-N-(pyridin-4-ylmethyl)pyrazolo[1,5-a]pyrimidin-7-amine	CDK2	unknown
3-bromo-5-phenyl-N-(pyridin-3-ylmethyl)pyrazolo[1,5-a]pyrimidin-7-amine	CDK2	unknown
3-bromo-5-phenyl-N-(pyrimidin-5-ylmethyl)pyrazolo[1,5-a]pyridin-7-amine	CDK2	unknown
3-bromo-6-phenyl-N-(pyrimidin-5-ylmethyl)imidazo[1,2-a]pyridin-8-amine	CDK2	unknown
N-((2-aminopyrimidin-5-yl)methyl)-5-(2,6-difluorophenyl)-3-ethylpyrazolo[1,5-a]pyrimidin-7-amine	CDK2	unknown
3-cyclopropyl-5-phenyl-N-(pyridin-3-ylmethyl)pyrazolo[1,5-a]pyrimidin-7-amine	CDK2	unknown
2-[4-(2H-1,4-BENZOTHIAZINE-3-YL)-PIPERAZINE-1-LY]-1,3-THIAZOLE-4-CARBOXYLIC ACID ETHYLESTER
[(3S)-9-hydroxy-1-methyl-10-oxo-4,10-dihydro-3H-benzo[g]isochromen-3-yl]acetic acid
3,4-dihydroxy-9,10-secoandrosta-1(10),2,4-triene-9,17-dione
1-[2-HYDROXY-3-(4-CYCLOHEXYL-PHENOXY)-PROPYL]-4-(2-PYRIDYL)-PIPERAZINE
(3S)-N-methyl-3-phenyl-3-[4-(trifluoromethyl)phenoxy]propan-1-amine
(1R)-1-PHENYLETHYL 4-(ACETYLAMINO)BENZYLPHOSPHONATE	Q6PYX1	unknown
4-[(3AS,4R,7R,8AS,8BR)-2-(1,3-BENZODIOXOL-5-YLMETHYL)-7-HYDROXY-1,3-DIOXODECAHYDROPYRROLO[3,4-A]PYRROLIZIN-4-YL]BENZENECARBOXIMIDAMIDE	THRB	unknown
PROGESTERONE-11-ALPHA-OL-HEMISUCCINATE	IGHG2	unknown
[(4S)-2,2-DIMETHYL-1,3-DIOXOLAN-4-YL]METHYL HYDROGEN HEX-5-ENYLPHOSPHONATE
(3R)-METHYLCARBAMOYL-7-SULFOAMINO-3,4-DIHYDRO-1H-ISOQUINOLINE-2-CARBOXYLIC ACID BENZYL ESTER	PTN1	unknown
7,8-DICHLORO-1,2,3,4-TETRAHYDROISOQUINOLINE	PNMT	unknown
(1R)-1-(2-THIENYLACETYLAMINO)-1-(3-CARBOXYPHENYL)METHYLBORONIC ACID
(1R)-1-(2-THIENYLACETYLAMINO)-1-PHENYLMETHYLBORONIC ACID
(1E)-5-(1-piperidin-4-yl-3-pyridin-4-yl-1H-pyrazol-4-yl)-2,3-dihydro-1H-inden-1-one oxime	BRAF	unknown
N-(3-CARBOXYPROPANOYL)-L-NORVALINE
1-(3-BROMOPHENYL)-7-CHLORO-6-METHOXY-3,4-DIHYDROISOQUINOLINE	MK10	unknown
5'-ACETYL-4-{[(2,4-DIMETHYLPHENYL)SULFONYL]AMINO}-2,2'-BITHIOPHENE-5-CARBOXYLIC ACID
2-[(2-methoxyethyl)amino]-4-(4-oxo-1,2,3,4-tetrahydro-9H-carbazol-9-yl)benzamide	HS90A	unknown
2-HYDROXYMETHYL-6-OCTYLSULFANYL-TETRAHYDRO-PYRAN-3,4,5-TRIOL	ADRB1	unknown	LPH	unknown
N-[(2S,4S,6R)-2-(DIHYDROXYMETHYL)-4-HYDROXY-3,3-DIMETHYL-7-OXO-4LAMBDA~4~-THIA-1-AZABICYCLO[3.2.0]HEPT-6-YL]-2-PHENYLACETAMIDE
3-FLUORO-N-[1-(4-FLUOROPHENYL)-3-(2-THIENYL)-1H-PYRAZOL-5-YL]BENZENESULFONAMIDE	PPARG	unknown
BENZYL 6-BENZYL-5,7-DIOXO-6,7-DIHYDRO-5H-[1,3]THIAZOLO[3,2-C]PYRIMIDINE-2-CARBOXYLATE	MMP13	unknown
4-(4-STYRYL-PHENYLCARBAMOYL)-BUTYRIC ACID	IGKC	unknown	IGHG1	unknown	KV204	unknown
(2E)-N-{4-[(3-bromophenyl)amino]quinazolin-6-yl}-4-(dimethylamino)but-2-enamide	SRC	unknown
L-1-NAPHTHYL-2-ACETAMIDO-ETHANE BORONIC ACID	CTRB1	unknown
D-1-NAPHTHYL-2-ACETAMIDO-ETHANE BORONIC ACID	CTRB1	unknown
(1S,4S)-4-(3,4-dichlorophenyl)-N-methyl-1,2,3,4-tetrahydronaphthalen-1-amine
(2S)-1-{[5-(3-METHYL-1H-INDAZOL-5-YL)PYRIDIN-3-YL]OXY}-3-PHENYLPROPAN-2-AMINE	KAPCA	unknown	IPKA	unknown
3-PYRIDIN-4-YL-2,4-DIHYDRO-INDENO[1,2-.C.] PYRAZOLE	KAPCA	unknown	IPKA	unknown
4-(ACETYLAMINO)-3-HYDROXY-5-NITROBENZOIC ACID
4-(ACETYLAMINO)-5-AMINO-3-HYDROXYBENZOIC ACID
4-{[4-AMINO-6-(CYCLOHEXYLMETHOXY)-5-NITROSOPYRIMIDIN-2-YL]AMINO}BENZAMIDE	CCNA2	unknown	CDK2	unknown
3-[(4-CHLOROANILINO)SULFONYL]THIOPHENE-2-CARBOXYLIC ACID
(5R)-2-SULFANYL-5-[4-(TRIFLUOROMETHYL)BENZYL]-1,3-THIAZOL-4-ONE	AFAD	unknown
2-[(1S)-1-BENZYL-2-SULFANYLETHYL]-1H-IMIDAZO[4,5-C]PYRIDIN-5-IUM	NEP	unknown
1-(5-TERT-BUTYL-1,3,4-OXADIAZOL-2-YL)-2-(METHYLAMINO)ETHANONE
3-[(3-(2-CARBOXYETHYL)-4-METHYLPYRROL-2-YL)METHYLENE]-2-INDOLINONE	FGFR1	unknown
4-[(5-bromopyridin-2-yl)amino]-4-oxobutanoic acid
4-bromo-2-{[(3R,5S)-3,5-dimethylpiperidin-1-yl]carbonyl}aniline
4-bromo-2-{[(2R)-2-(2-chlorobenzyl)pyrrolidin-1-yl]carbonyl}aniline
4-[(4-bromo-2-{[(3R,5S)-3,5-dimethylpiperidin-1-yl]carbonyl}phenyl)amino]-4-oxobutanoic acid
N-(4-bromo-2-{[(3R,5S)-3,5-dimethylpiperidin-1-yl]carbonyl}phenyl)-4-morpholin-4-yl-4-oxobutanamide
2-amino-5-[3-(1-ethyl-1H-pyrazol-5-yl)-1H-pyrrolo[2,3-b]pyridin-5-yl]-N,N-dimethylbenzamide	ABL1	unknown
6-{[6-(1-methyl-1H-pyrazol-4-yl)[1,2,4]triazolo[4,3-b]pyridazin-3-yl]sulfanyl}quinoline	MET	unknown
S-[2-({N-[(2S)-2-hydroxy-3,3-dimethyl-4-(phosphonooxy)butanoyl]-beta-alanyl}amino)ethyl] hexanethioate
S-[2-({N-[(2S)-2-hydroxy-3,3-dimethyl-4-(phosphonooxy)butanoyl]-beta-alanyl}amino)ethyl] octanethioate
SINAPINATE
2-({2-[(3R)-3-AMINOPIPERIDIN-1-YL]-4-OXOQUINAZOLIN-3(4H)-YL}METHYL)BENZONITRILE	DPP4	unknown
SYRINGATE
1-(3-HYDROXYPROPYL)-2-[(3-NITROBENZOYL)AMINO]-1H-BENZIMIDAZOL-5-YL PIVALATE	IRAK4	unknown
5-(4-METHOXYBIPHENYL-3-YL)-1,2,5-THIADIAZOLIDIN-3-ONE 1,1-DIOXIDE	PTN1	unknown
4-{[4-({4-[(E)-2-cyanoethenyl]-2,6-dimethylphenyl}amino)pyrimidin-2-yl]amino}benzonitrile
1,2,5-THIADIAZOLIDIN-3-ONE-1,1-DIOXIDE	PTN1	unknown
TERT-BUTYL 2-CYANO-2-METHYLHYDRAZINECARBOXYLATE	CATK	unknown
4-[(1S,2R,5S)-4,4,8-TRIMETHYL-3-OXABICYCLO[3.3.1]NON-7-EN-2-YL]PHENOL	ESR1	unknown	NCOA2	unknown
5'-deoxy-5'-piperidin-1-ylthymidine	RNAS1	unknown
6-[4-(2-piperidin-1-ylethoxy)phenyl]-3-pyridin-4-ylpyrazolo[1,5-a]pyrimidine	ACVR1	unknown	FKB1A	unknown
4-CHLORO-8-METHYL-7-(3-METHYL-BUT-2-ENYL)-6,7,8,9-TETRAHYDRO-2H-2,7,9A-TRIAZA-BENZO[CD]AZULENE-1-THIONE
N-[(4-methoxyphenyl)sulfonyl]-D-alanine	MMP12	unknown
5-CHLORO-8-METHYL-7-(3-METHYL-BUT-2-ENYL)-6,7,8,9-TETRAHYDRO-2H-2,7,9A-TRIAZA-BENZO[CD]AZULENE-1-THIONE
tributylstannanyl	NCOA2	unknown	RXRA	unknown
3-(2,6-difluorophenyl)-2-(methylthio)quinazolin-4(3H)-one	PDE7A	unknown
N-[(1S)-5-amino-1-(chloroacetyl)pentyl]-4-methylbenzenesulfonamide
Triclosan
6-METHYL-2(PROPANE-1-SULFONYL)-2H-THIENO[3,2-D][1,2,3]DIAZABORININ-1-OL	DECR	unknown
(3R,4S)-1-[(4-AMINO-5H-PYRROLO[3,2-D]PYRIMIDIN-7-YL)METHYL]-4-[(METHYLSULFANYL)METHYL]PYRROLIDIN-3-OL
(5R)-5-(4-{[(2R)-6-HYDROXY-2,5,7,8-TETRAMETHYL-3,4-DIHYDRO-2H-CHROMEN-2-YL]METHOXY}BENZYL)-1,3-THIAZOLIDINE-2,4-DIONE	CP2C8	unknown
4-({(2R,5S)-2,5-DIMETHYL-4-[(2R)-3,3,3-TRIFLUORO-2-HYDROXY-2-METHYLPROPANOYL]PIPERAZIN-1-YL}CARBONYL)BENZONITRILE	PDK2	unknown
(N-{4-[(ETHYLANILINO)SULFONYL]-2-METHYLPHENYL}-3,3,3-TRIFLUORO-2-HYDROXY-2-METHYLPROPANAMIDE	PDK2	unknown
N-(2-AMINOETHYL)-2-{3-CHLORO-4-[(4-ISOPROPYLBENZYL)OXY]PHENYL} ACETAMIDE	PDK2	unknown
2-[(2',3',4'-TRIFLUOROBIPHENYL-2-YL)OXY]ETHANOL	CATS	unknown
1,1,1-TRIFLUORO-3-(OCTYLTHIO)ACETONE	CES1P	unknown
2,2,2-TRIFLUORO-1-{5-[(3-PHENYL-5,6-DIHYDROIMIDAZO[1,2-A]PYRAZIN-7(8H)-YL)CARBONYL]THIOPHEN-2-YL}ETHANE-1,1-DIOL	HDAC4	unknown
3-[[(METHYLAMINO)SULFONYL]AMINO]-2-OXO-6-PHENYL-N-[3,3,3-TRIFLUORO-1-(1-METHYLETHYL)-2-OXOPHENYL]-1(2H)-PYRIDINE ACETAMIDE	CELA1	unknown
2-[4-(DIMETHYLAMINO)PHENYL]-6-HYDROXY-3-METHYL-1,3-BENZOTHIAZOL-3-IUM	ACES	unknown
4-(2,2,2-TRIFLUOROETHYL)-L-PHENYLALANINE	SYYC	unknown
3-(HYDROXY-PHENYL-PHOSPHINOYLOXY)-8-METHYL-8-AZA-BICYCLO[3.2.1]OCTANE-2-CARBOXYLIC ACID METHYL ESTER	IGHG2	unknown
TESTOSTERONE HEMISUCCINATE
{(2Z)-3-[(6-chloropyridin-3-yl)methyl]-1,3-thiazolidin-2-ylidene}cyanamide	CRFM7	unknown
THIAMPHENICOL
4-(4-CHLORO-PHENYL)-1-{3-[2-(4-FLUORO-PHENYL)-[1,3]DITHIOLAN-2-YL]-PROPYL}-PIPERIDIN-4-OL
2-[CARBOXY-(2-THIOPHEN-2-YL-ACETYLAMINO)-METHYL]-5-METHYLENE-5,6-DIHYDRO-2H-[1,3]THIAZINE-4-CARBOXYLIC ACID
BENZOTHIAZOLE	THRB	unknown
Thiorphan	NEP	inhibitor
(5R)-4-HYDROXY-3,5-DIMETHYL-5-[(1E,3E)-2-METHYLPENTA-1,3-DIENYL]THIOPHEN-2(5H)-ONE
(5R)-5-[(1E)-BUTA-1,3-DIENYL]-4-HYDROXY-3,5-DIMETHYLTHIOPHEN-2(5H)-ONE
N1-(2-AMINO-4-METHYLPENTYL)OCTAHYDRO-PYRROLO[1,2-A] PYRIMIDINE	ATPA	unknown	ATPB	unknown	ATPG	unknown
N-(4-CHLOROPHENYL)-1,2,3,4-TETRAHYDROISOQUINOLINE-7-SULFONAMIDE	PNMT	unknown
1,3,5-BENZENETRICARBOXYLIC ACID	HBA	unknown	HBB	unknown
(CHLOROACETYL)CARBAMIC ACID (3R,4S,5S,5R)-5-METHOXY-4-[(2R,3R)-2-METHYL-3-(3-METHYL-2-BUTENYL)OXIRANYL]-1-OXASPIRO[2.5]OCT-6-YL ESTER	MAP2	unknown
6-BENZYL-1-BENZYLOXYMETHYL-5-ISOPROPYL URACIL
N-(TRANS-4'-NITRO-4-STILBENYL)-N-METHYL-5-AMINO-PENTANOIC ACID	HV307	unknown
(3E)-4-(2-HYDROXYPHENYL)-2-OXOBUT-3-ENOIC ACID
4-(2-METHOXYPHENYL)-2-OXOBUT-3-ENOIC ACID
2-AMINO-3-(1-HYDROPEROXY-1H-INDOL-3-YL)PROPAN-1-OL
4-[4-(2,4,6-TRIMETHYL-PHENYLAMINO)-PYRIMIDIN-2-YLAMINO]-BENZONITRILE
(2S,3S)-3-FORMYL-2-({[(4-METHYLPHENYL)SULFONYL]AMINO}METHYL)PENTANOIC ACID	CELA1	unknown
(2S,3S)-3-FORMYL-2-({[(4-NITROPHENYL)SULFONYL]AMINO}METHYL)PENTANOIC ACID	CELA1	unknown
(2R,6S)-6-{[methyl(3,4,5-trimethoxyphenyl)amino]methyl}-1,2,5,6,7,8-hexahydroquinazoline-2,4-diamine	DYR	unknown
2-(2-{2-[(BIPHENYL-4-YLMETHYL)-AMINO]-3-MERCAPTO-PENTANOYLAMINO}-ACETYLAMINO)-3-METHYL-BUTYRIC ACID METHYL ESTER	MMP3	unknown
{1-[2-(1-FORMYL-PROPYL)-3-METHANESULFONYLAMINO-PYRROLIDINE-1-CARBONYL]-2-METHYL-PROPYL}-CARBAMIC ACID TERT-BUTYL ESTER
6-CHLORO-3-(DICHLOROMETHYL)-3,4-DIHYDRO-2H-1,2,4-BENZOTHIADIAZINE-7-SULFONAMIDE 1,1-DIOXIDE	CAH2	unknown
TRW3-(2-AMINO-3-HYDROXY-PROPYL)-6-(N'-CYCLOHEXYL-HYDRAZINO)OCTAHYDRO-INDOL-7-OL
TRAZEOLIDE	IGKC	unknown
8-HYDROXY-2-OXA-BICYCLO[3.3.1]NON-6-ENE-3,5-DICARBOXYLIC ACID
(1S)-1-AMINO-2-(1H-INDOL-3-YL)ETHANOL
(1R,3S,5S,8R)-8-HYDROXY-2-OXABICYCLO[3.3.1]NON-6-ENE-3,5-DICARBOXYLIC ACID
3'-THIO-THYMIDINE-5'-PHOSPHATE	TOP2B	unknown
2-(1H-INDOL-3-YL)ACETAMIDE
2-(1H-INDOL-3-YL)ETHANAMINE
TRANS-(1S,2S)-2-AMINO-1,2,3,4-TETRAHYDRONAPHTHALEN-1-OL	PNMT	unknown
9-ACETYL-2,3,4,9-TETRAHYDRO-1H-CARBAZOL-1-ONE	CBP	unknown
5-amino-2-methyl-N-[(1R)-1-naphthalen-1-ylethyl]benzamide
2-(4-(2-((3-(5-(PYRIDIN-2-YLTHIO)THIAZOL-2-YL)UREIDO)METHYL)-1H-IMIDAZOL-4-YL)PHENOXY)ACETIC ACID
ETHYL HYDROGEN DIETHYLAMIDOPHOSPHATE	CHLE	unknown
2-(hydrazinocarbonyl)-3-phenyl-1H-indole-5-sulfonamide	CAH2	unknown
1,2,5,8-tetrahydroxyanthracene-9,10-dione	CSK21	unknown
1-(2,5-dideoxy-5-pyrrolidin-1-yl-beta-L-erythro-pentofuranosyl)-5-methylpyrimidine-2,4(1H,3H)-dione	RNAS1	unknown
3-[1-(4-BROMO-PHENYL)-2-METHYL-PROPYL]-4-HYDROXY-CHROMEN-2-ONE
4-HYDROXY-7-METHOXY-3-(1-PHENYL-PROPYL)-CHROMEN-2-ONE
({3-[1-(4-HYDROXY-2-OXO-2H-CHROMEN-3-YL)-PROPYL]-PHENYLCARBAMOYL}-METHYL)-CARBAMIC ACID TERT-BUTYL ESTER
6,11-DIHYDRO-11-ETHYL-6-METHYL-9-NITRO-5H-PYRIDO[2,3-B][1,5]BENZODIAZEPIN-5-ONE
5-IMINO-4-(3-TRIFLUOROMETHYL-PHENYLAZO)-5H-PYRAZOL-3-YLAMINE
4-(4-FLUORO-PHENYLAZO)-5-IMINO-5H-PYRAZOL-3-YLAMINE
3-(5-AMINO-3-IMINO-3H-PYRAZOL-4-YLAZO)-BENZOIC ACID
METHYL N-[(2S,3R)-3-AMINO-2-HYDROXY-3-(4-METHYLPHENYL)PROPANOYL]-D-ALANYL-D-LEUCINATE
METHYL N-[(2S,3R)-3-AMINO-2-HYDROXY-3-(4-ISOPROPYLPHENYL)PROPANOYL]-D-ALANYL-D-LEUCINATE
5-IMINO-4-(2-TRIFLUOROMETHYL-PHENYLAZO)-5H-PYRAZOL-3-YLAMINE
4-[(3R)-3-{[2-(4-FLUOROPHENYL)-2-OXOETHYL]AMINO}BUTYL]BENZAMIDE	DPP4	unknown
4-[(5-ISOPROPYL-1,3-THIAZOL-2-YL)AMINO]BENZENESULFONAMIDE	CDK2	unknown
(20S)-19,20,21,22-TETRAHYDRO-19-OXO-5H-18,20-ETHANO-12,14-ETHENO-6,10-METHENO-18H-BENZ[D]IMIDAZO[4,3-K][1,6,9,12]OXATRIAZA-CYCLOOCTADECOSINE-9-CARBONITRILE	FNTA	unknown	FNTB	unknown
(6E)-7-{6-[(1E)-OCT-1-ENYL]-2,3-DIAZABICYCLO[2.2.1]HEPT-2-EN-5-YL}HEPT-6-ENOIC ACID	PTGIS	unknown
(20S)-19,20,22,23-TETRAHYDRO-19-OXO-5H,21H-18,20-ETHANO-12,14-ETHENO-6,10-METHENOBENZ[D]IMIDAZO[4,3-L][1,6,9,13]OXATRIAZACYCLONOADECOSINE-9-CARBONITRILE	FNTA	unknown	FNTB	unknown
N-(5-ISOPROPYL-THIAZOL-2-YL)-2-PYRIDIN-3-YL-ACETAMIDE	CDK2	unknown
(4-ETHYLPHENYL)SULFAMIC ACID	PTPRB	unknown
2-METHYL-FURAN-3-CARBOTHIOIC ACID [4-CHLORO-3-(3-METHYL-BUT-2-ENYLOXY)-PHENYL]-AMIDE
N-[4-CLORO-3-(T-BUTYLOXOME)PHENYL-2-METHYL-3-FURAN-CARBOTHIAMIDE
1-METHYL ETHYL 2-CHLORO-5-[[[(1-METHYLETHOXY)THIOOXO]METHYL]AMINO]-BENZOATE
1-METHYL ETHYL 1-CHLORO-5-[[(5,6DIHYDRO-2-METHYL-1,4-OXATHIIN-3-YL)CARBONYL]AMINO]BENZOATE
REL-(9R,12S)-9,10,11,12-TETRAHYDRO-9,12-EPOXY-1H-DIINDOLO[1,2,3-FG:3',2',1'-KL]PYRROLO[3,4-I][1,6]BENZODIAZOCINE-1,3(2H)-DIONE	CHK1	unknown
O-DECYL HYDROGEN THIOCARBONATE
1-(1,4-dimethyl-1,2,3,4-tetrahydroquinoxalin-6-yl)methanamine
5,6,7,8,9,10-HEXAHYDRO-4-HYDROXY-3-(1-PHENYLPROPYL)CYCLOOCTA[B]PYRAN-2-ONE
N-[(1-CHLORO-4-HYDROXYISOQUINOLIN-3-YL)CARBONYL]GLYCINE	EGLN1	unknown	HIF1A	unknown
undecan-2-one	ACO13	unknown
UBIQUINONE-1	DHSA	unknown	DHSB	unknown	DHSD	unknown	C560	unknown
UBIQUINONE-2	CY1	unknown	CYB	unknown	QCR1	unknown	QCR2	unknown	QCR6	unknown	QCR8	unknown	UCRI	unknown	QCR10	unknown	QCR7	unknown	QCR9	unknown
ethyl 3-[(E)-2-amino-1-cyanoethenyl]-6,7-dichloro-1-methyl-1H-indole-2-carboxylate	CLK1	unknown	CLK3	unknown
D-1-(4-CHLOROPHENYL)-2-(ACETAMIDO)ETHANE BORONIC ACID	CTRB1	unknown
L-1-(4-CHLOROPHENYL)-2-(ACETAMIDO)ETHANE BORONIC ACID	CTRB1	unknown
9-amino-5-(2-aminopyrimidin-4-yl)pyrido[3',2':4,5]pyrrolo[1,2-c]pyrimidin-4-ol	CDK2	unknown	CCNA2	unknown
3-(4-nitrophenyl)-1H-pyrazole	HPGDS	unknown
5-{2-[1-(1-METHYL-PROPYL)-7A-METHYL-OCTAHYDRO-INDEN-4-YLIDENE]-ETHYLIDENE}-2-METHYLENE-CYCLOHEXANE-1,3-DIOL	MED1	unknown	VDR	unknown
4-(2-aminoethoxy)-N-(3-chloro-5-piperidin-1-ylphenyl)-3,5-dimethylbenzamide	UROK	unknown
1-[(3S)-5-PHENYL-3-THIOPHEN-2-YL-3H-1,4-BENZODIAZEPIN-2-YL]AZETIDIN-3-OL
1-tert-butyl-3-(3-methylbenzyl)-1H-pyrazolo[3,4-d]pyrimidin-4-amine	KCC2G	unknown
3-[(1R)-1-(2,6-dichloro-3-fluorophenyl)ethoxy]-5-(1-piperidin-4-yl-1H-pyrazol-4-yl)pyridin-2-amine	MET	unknown
2-(3-BROMOPHENYL)-6-[(2-HYDROXYETHYL)AMINO]-1H-BENZO[DE]ISOQUINOLINE-1,3(2H)-DIONE
2,5-DIPHENYLFURAN-3,4-DICARBOXYLIC ACID
12-(2-hydroxyethyl)-2-(1-methylethoxy)-13,14-dihydronaphtho[2,1-a]pyrrolo[3,4-c]carbazol-5(12H)-one	M3K9	unknown
[[(3R,4R,5S,6R)-4,5-dihydroxy-6-(hydroxymethyl)-3-(pentanoylamino)oxan-2-ylidene]amino] N-phenylcarbamate
6-(5-BROMO-2-HYDROXYPHENYL)-2-OXO-4-PHENYL-1,2-DIHYDROPYRIDINE-3-CARBONITRILE	PIM1	unknown
(2S)-({(5Z)-5-[(5-ETHYL-2-FURYL)METHYLENE]-4-OXO-4,5-DIHYDRO-1,3-THIAZOL-2-YL}AMINO)(4-FLUOROPHENYL)ACETIC ACID
4-[3-(4-chlorophenyl)-2,1-benzisoxazol-5-yl]pyrimidin-2-amine	PIM1	unknown
N-cyclohexyl-3-[3-(trifluoromethyl)phenyl][1,2,4]triazolo[4,3-b]pyridazin-6-amine	PIM1	unknown
2,3-diphenyl-1H-indole-7-carboxylic acid	PIM1	unknown
(5Z)-5-[(5-ETHYL-2-FURYL)METHYLENE]-2-{[(S)-(4-FLUOROPHENYL)(1H-TETRAZOL-5-YL)METHYL]AMINO}-1,3-THIAZOL-4(5H)-ONE
VANILLATE
11-[(MERCAPTOCARBONYL)OXY]UNDECANOIC ACID
2,6-DIMETHYL-1-(3-[3-METHYL-5-ISOXAZOLYL]-PROPANYL)-4-[2N-METHYL-2H-TETRAZOL-5-YL]-PHENOL
2,6-DIMETHYL-1-(3-[3-METHYL-5-ISOXAZOLYL]-PROPANYL)-4-[4-METHYL-2H-TETRAZOL-2-YL]-PHENOL
2,6-DIMETHYL-1-(3-[3-METHYL-5-ISOXAZOLYL]-PROPANYL)-4-[2-METHYL-4-ISOXAZOLYL]-PHENOL
[(2S)-4-methyl-3-oxo-2,3,4,5-tetrahydro-1H-1,4-benzodiazepin-2-yl]acetic acid
4-(3-ethylthiophen-2-yl)benzene-1,2-diol
5-(5-(6-CHLORO-4-(4,5-DIHYDRO-2-OXAZOLYL)PHENOXY)PENTYL)-3-METHYL ISOXAZOLE
5-(5-(4-(4,5-DIHYDRO-2-OXAZOLY)PHENOXY)PENTYL)-3-METHYL ISOXAZOLE
5-(5-(2,6-DICHLORO-4-(4,5-DIHYDRO-2-OXAZOLYL)PHENOXY)PENTYL)-3-(HYDROXYETHYL OXYMETHYLENEOXYMETHYL) ISOXAZOLE
5-(7-(6-CHLORO-4-(5-HYDRO-4-METHYL-2-OXAZOLYL)PHENOXY)HEPTYL)-3-METHYL ISOXAZOLE
5-(5-(2,6-DICHLORO-4-(4,5-DIHYDRO-2-OXAZOLY)PHENOXY)PENTYL)-3-METHYL ISOXAZOLE
5-(5-(4-(5-HYDRO-4-METHYL-2-OXAZOLYL)PHENOXY)PENTYL)-3-METHYL ISOXAZOLE
5-(7-(5-HYDRO-4-ETHYL-2-OXAZOLYL)PHENOXY)HEPTYL)-3-METHYL ISOXAZOLE
5-(7-(4-(4,5-DIHYDRO-2-OXAZOLYL)PHENOXY)HEPTYL)-3-METHYL ISOXAZOLE
5-(7-(5-HYDRO-4-METHYL-2-OXAZOLYL)PHENOXY)HEPTYL)-3-METHYL ISOXAZOLE
5-(3-(2,6-DICHLORO-4-(4,5-DIHYDRO-2-OXAZOLYL)PHENOXY)PROPYL)-3-METHYL ISOXAZOLE
5-ethoxy-4-(1-methyl-7-oxo-3-propyl-6,7-dihydro-1H-pyrazolo[4,3-d]pyrimidin-5-yl)thiophene-2-sulfonamide	PDE5A	unknown
3-FLUORO-5-MORPHOLIN-4-YL-N-[1-(2-PYRIDIN-4-YLETHYL)-1H-INDOL-6-YL]BENZAMIDE	MK14	unknown
2-[(1R)-2-carboxy-1-(naphthalen-1-ylmethyl)ethyl]-1,3-dioxo-2,3-dihydro-1H-isoindole-5-carboxylic acid
NALPHA-[(BENZYLOXY)CARBONYL]-N-[(1R)-4-HYDROXY-1-METHYL-2-OXOBUTYL]-L-PHENYLALANINAMIDE
(2R,3R)-N^1^-[(1S)-2,2-DIMETHYL-1-(METHYLCARBAMOYL)PROPYL]-N^4^-HYDROXY-2-(2-METHYLPROPYL)-3-{[(1,3-THIAZOL-2-YLCARBONYL)AMINO]METHYL}BUTANEDIAMIDE	ADA28	unknown
6,6-DIMETHYL-1-[3-(2,4,5-TRICHLOROPHENOXY)PROPOXY]-1,6-DIHYDRO-1,3,5-TRIAZINE-2,4-DIAMINE	TYSY	unknown
4-HYDROXY-3-[(1S,3R)-3-HYDROXY-1-PHENYLBUTYL]-2H-CHROMEN-2-ONE
4-HYDROXY-3-[(1S,3S)-3-HYDROXY-1-PHENYLBUTYL]-2H-CHROMEN-2-ONE
(3AS,4R,9BR)-4-(4-HYDROXYPHENYL)-1,2,3,3A,4,9B-HEXAHYDROCYCLOPENTA[C]CHROMEN-9-OL	ESR1	unknown
1-{3-oxo-3-[(2S)-2-(pyrrolidin-1-ylcarbonyl)pyrrolidin-1-yl]propyl}-3-phenylquinoxalin-2(1H)-one	PPCE	unknown
2-{3-[(2S)-4,4-difluoro-2-(pyrrolidin-1-ylcarbonyl)pyrrolidin-1-yl]-3-oxopropyl}-isoindole-1,3(2H)-dione	PPCE	unknown
CYCLOHEXYLMETHYL-2,3-DIHYDROXY-5-METHYL-HEXYLAMIDE	CATD	unknown
5-[[(2R)-2-cyclopropyl-7,8-dimethoxy-2H-chromen-5-yl]methyl]pyrimidine-2,4-diamine
1,3-CYCLOHEXANEDIOL, 4-METHYLENE-5-[(2E)-[(1S,3AS,7AS)-OCTAHYDRO-1-(5-HYDROXY-5-METHYL-1,3-HEXADIYNYL)-7A-METHYL-4H-INDEN-4-YLIDENE]ETHYLIDENE]-, (1R,3S,5Z)	NCOA1	unknown	VDR	unknown
2-({8-[(3R)-3-AMINOPIPERIDIN-1-YL]-1,3-DIMETHYL-2,6-DIOXO-1,2,3,6-TETRAHYDRO-7H-PURIN-7-YL}METHYL)BENZONITRILE	DPP4	unknown
6-methoxy-9-methyl[1,3]dioxolo[4,5-h]quinolin-8(9H)-one	NQO2	unknown
4-[[(1E)-2-(4-CHLOROPHENYL)ETHENYL]SULFONYL]-1-[[1-(4-PYRIDINYL)-4-PIPERIDINYL]METHYL]PIPERAZINONE	FA10	unknown
1-[[(1E)-2-(4-CHLOROPHENYL)ETHENYL]SULFONYL]-4-[[1-(4-PYRIDINYL)-4-PIPERIDINYL]METHYL]PIPERAZINE	FA10	unknown
(11R)-10-acetyl-11-(2,4-dichlorophenyl)-6-hydroxy-3,3-dimethyl-2,3,4,5,10,11-hexahydro-1H-dibenzo[b,e][1,4]diazepin-1-one
4-(DIMETHYLAMINO)BENZOIC ACID
3-(2-AMINO-6-BENZOYLQUINAZOLIN-3(4H)-YL)-N-CYCLOHEXYL-N-METHYLPROPANAMIDE	BACE1	unknown
1-[4-(AMINOMETHYL)BENZOYL]-5'-FLUORO-1'H-SPIRO[PIPERIDINE-4,2'-QUINAZOLIN]-4'-AMINE	NOS2	unknown
N,N'-DIMETHYL-N-(ACETYL)-N'-(7-NITROBENZ-2-OXA-1,3-DIAZOL-4-YL)ETHYLENEDIAMINE	RASH	unknown
N-[(1S)-2-[(4-cyano-1-methylpiperidin-4-yl)amino]-1-(cyclohexylmethyl)-2-oxoethyl]morpholine-4-carboxamide	CATS	unknown
4-{(1E)-3-OXO-3-[(2-PHENYLETHYL)AMINO]PROP-1-EN-1-YL}-1,2-PHENYLENE DIACETATE
(2E)-3-(3,4-DIHYDROXYPHENYL)-N-[2-(4-HYDROXYPHENYL)ETHYL]ACRYLAMIDE
N-[(1S)-2-{[(1R)-2-(benzyloxy)-1-cyano-1-methylethyl]amino}-1-(cyclohexylmethyl)-2-oxoethyl]morpholine-4-carboxamide	CATS	unknown
(R)-TRANS-4-(1-AMINOETHYL)-N-(4-PYRIDYL) CYCLOHEXANECARBOXAMIDE	KAPCA	unknown	IPKA	unknown	ROCK1	unknown	ROCK2	unknown
5-(2-chlorophenyl)furan-2-carbohydrazide
IMIDAZO[2,1-A]ISOQUINOLINE-2-CARBOHYDRAZIDE
[(3R,4S,5S,7R)-4,8-DIHYDROXY-3,5,7-TRIMETHYL-2-OXOOCTYL]PHOSPHONIC ACID
(2S)-2-(4-chlorophenoxy)-3-phenylpropanoic acid	PPARG	unknown
(3S,6S)-3,6-bis(4-hydroxybenzyl)piperazine-2,5-dione
O-(((1R)-((N-PHENYLMETHOXYCARBONYL-L-ALANYL)AMINO)ETHYL)HYDROXYPHOSPHONO)-L-BENZYLACETIC ACID	CBPA1	unknown
[N-(BENZYLOXYCARBONYL)AMINO](4-AMIDINOPHENYL)METHANE-PHOSPHONATE	TRY1	unknown
4-BROMO-2-FLUORO-N-[(4E)-6-METHOXY-7-[(1-METHYLPIPERIDIN-4-YL)METHOXY]QUINAZOLIN-4(1H)-YLIDENE]ANILINE	RET	unknown
6-HYDROXY-1,3-BENZOTHIAZOLE-2-SULFONAMIDE	CAH2	unknown	MIF	unknown
L-PROLINE, 1-[(2S)-3-MERCAPTO-2-METHYL-1-OXOPROPYL]-4-(PHENYLTHIO)-, 4S	AMPL	unknown
2-(4-METHOXYPHENYL)ACETAMIDE
N-(3-METHYLBUT-2-EN-1-YL)-9H-PURIN-6-AMINE	CDK2	unknown
4-{2-[(7-amino-2-furan-2-yl[1,2,4]triazolo[1,5-a][1,3,5]triazin-5-yl)amino]ethyl}phenol	AA2AR	unknown
(5R)-2-[(2-fluorophenyl)amino]-5-(1-methylethyl)-1,3-thiazol-4(5H)-one	DHI1	unknown
3,4-DIHYDRO-4-OXO-3-((5-TRIFLUOROMETHYL-2-BENZOTHIAZOLYL)METHYL)-1-PHTHALAZINE ACETIC ACID	AK1BA	unknown	ALDR	unknown
RALOXIFENE CORE	ESR1	unknown	NCOA2	unknown
1-[(2S)-4-(5-phenyl-1H-pyrazolo[3,4-b]pyridin-4-yl)morpholin-2-yl]methanamine	CHK1	unknown
BENZOYL-TYROSINE-ALANINE-METHYL KETONE	CATF	unknown
N-(4-OXO-5,6,7,8-TETRAHYDRO-4H-[1,3]THIAZOLO[5,4-C]AZEPIN-2-YL)ACETAMIDE	CHK1	unknown
5,6,7,8-TETRAHYDRO[1]BENZOTHIENO[2,3-D]PYRIMIDIN-4(3H)-ONE	CHK1	unknown
[4-amino-2-(tert-butylamino)-1,3-thiazol-5-yl](phenyl)methanone	CHK1	unknown
2-(methylsulfanyl)-5-(thiophen-2-ylmethyl)-1H-imidazol-4-ol	CHK1	unknown
6-MORPHOLIN-4-YL-9H-PURINE	CHK1	unknown
1-[(2S)-4-(5-BROMO-1H-PYRAZOLO[3,4-B]PYRIDIN-4-YL)MORPHOLIN-2-YL]METHANAMINE	CHK1	unknown
4-(2-AMINOETHYL)BENZENESULFONAMIDE	CAH2	unknown
(4-{(2S)-2-[(tert-butoxycarbonyl)amino]-3-methoxy-3-oxopropyl}phenyl)methaneseleninic acid	PTN1	unknown
2-(4-CHLORO-PHENYLAMINO)-NICOTINIC ACID	NMRL1	unknown
4-METHYL-2H-CHROMEN-2-ONE
4-(2-methoxyethoxy)-6-methylpyrimidin-2-amine	HS90A	unknown
4-(2,4-dichlorophenyl)-5-phenyldiazenyl-pyrimidin-2-amine	HS90A	unknown
3,6-DIAMINO-5-CYANO-4-(4-ETHOXYPHENYL)THIENO[2,3-B]PYRIDINE-2-CARBOXAMIDE	HS90A	unknown
2-AMINO-4-(2,4-DICHLOROPHENYL)-N-ETHYLTHIENO[2,3-D]PYRIMIDINE-6-CARBOXAMIDE	HS90A	unknown
1-PHENYL-1H-PYRAZOLE-4-CARBOXYLIC ACID	HPGDS	unknown
1-[(2-NITROPHENYL)SULFONYL]-1H-PYRROLO[3,2-B]PYRIDINE-6-CARBOXAMIDE	MET	unknown
Diloxanide
Ethyl biscoumacetate
Azidocillin
Pipazethate
Salicylamide
Sulfamoxole
Antazoline	HRH1	antagonist
Chloropyramine	HRH1	antagonist
Dimetindene	HRH1	antagonist	ACM2	antagonist
Isothipendyl	HRH1	antagonist
Tymazoline
Nandrolone decanoate	ANDR	agonist
Metiamide	HRH2	antagonist
Roxatidine acetate	HRH2	antagonist
Bopindolol	ADRB1	partial agonist	ADRB2	partial agonist	5HT1A	unknown	5HT1B	unknown	ADRB3	unknown
Bupranolol	ADRB1	antagonist	ADRB2	antagonist	ADRB3	antagonist
Dichloroacetic Acid	PDK1	inhibitor
Cinitapride	5HT1A	agonist	5HT2A	antagonist	5HT4R	agonist
Tofisopam	PDE4A	inhibitor	PDE10	inhibitor	PDE3A	inhibitor	PDE2A	inhibitor
Nadroparin	ANT3	potentiator	LYAM3	inhibitor	FOS	inhibitor	MYC	inhibitor
Triflusal	PGH1	antagonist	NFKB1	antagonist	NOS2	agonist	PDE10	antagonist
Lurasidone	DRD2	antagonist	5HT2A	antagonist	5HT7R	antagonist	5HT1A	antagonist	ADA2C	antagonist	ADA2A	unknown
Ticagrelor	P2Y12	inhibitor
Hyaluronan	CD44	unknown	ICAM1	unknown	HMMR	unknown	NCAN	binder	CSPG2	binder
Tafluprost	PF2R	agonist
Ivacaftor	CFTR	potentiator
Azilsartan medoxomil	AGTR1	antagonist
Spinosad
Ioflupane I 123
Deferiprone
Lomitapide	MTP	antagonist
Vismodegib	SMO	antagonist
Dehydroascorbic Acid
2-deoxyglucose
Tauroursodeoxycholic acid
Spaglumic Acid
Temocapril	ACE	inhibitor
Tetraethylammonium	ACHA9	inhibitor
Agmatine	ADA2C	agonist	NISCH	agonist	ACHA	antagonist	NMDZ1	antagonist	IRK1	antagonist	CAC1B	antagonist	ASIC3	agonist
Acetylcarnitine
Uric Acid	PYGL	unknown
Ellagic Acid	CAH1	inhibitor	CAH2	inhibitor	CAH3	inhibitor	CAH4	inhibitor	CAH5A	inhibitor	CAH5B	inhibitor	CAH6	inhibitor	CAH7	inhibitor	CAH9	inhibitor	CAH12	inhibitor	CAH14	inhibitor	CSK21	inhibitor	KAPCA	inhibitor, competitive	KPCA	inhibitor, competitive	KPCB	inhibitor, competitive	KSYK	inhibitor	ERG1	inhibitor
Hydroxyproline
Guvacine	S6A13	inhibitor	SC6A1	inhibitor	S6A11	inhibitor	S6A12	inhibitor
Pitavastatin	HMDH	inhibitor
Rilpivirine	NR1I2	agonist
Estradiol valerate/Dienogest
Fingolimod	S1PR5	modulator
Tesamorelin	GHRHR	binder
Brentuximab vedotin	TNR8	binder
Eribulin
gabapentin enacarbil
Boceprevir
Fidaxomicin
Cabozantinib	MET	antagonist	VGFR2	antagonist	RET	antagonist
Taliglucerase Alfa
Ruxolitinib	JAK1	inhibitor	JAK2	inhibitor
Aminopterin
Belimumab	TN13B	neutralizer
Teriflunomide	PYRD	inhibitor
Vemurafenib	BRAF	inhibitor
Linagliptin	DPP4	inhibitor
Perampanel	GRIA1	antagonist
Gadoxetate
Aflibercept	VEGFA	binder	PLGF	binder	VEGFB	binder
Asparaginase Erwinia chrysanthemi
Icosapent ethyl
Ocriplasmin	FINC	cleavage	A2MG	ligand	A2AP	ligand
Carfilzomib	PSB5	inhibitor	PSB8	inhibitor	PSB1	inhibitor	PSB9	inhibitor	PSB2	inhibitor	PSB10	inhibitor
Linaclotide	GUC2C	agonist
Arbaclofen	GABR1	agonist	GABR2	agonist
Arbaclofen Placarbil	GABR1	agonist	GABR2	agonist
Mirabegron	ADRB3	agonist
Peginesatide	EPOR	stimulator
Tofacitinib	JAK2	inhibitor	JAK1	inhibitor	JAK3	inhibitor
Regorafenib	RET	inhibitor	VGFR1	inhibitor	VGFR2	inhibitor	VGFR3	inhibitor	KIT	inhibitor	PGFRA	inhibitor	PGFRB	inhibitor	FGFR1	inhibitor	FGFR2	inhibitor	TIE2	inhibitor	DDR2	inhibitor	NTRK1	inhibitor	EPHA2	inhibitor	RAF1	inhibitor	BRAF	inhibitor	MK11	inhibitor	FRK	inhibitor	ABL1	inhibitor
Aclidinium	ACM1	antagonist	ACM2	antagonist	ACM3	antagonist	ACM4	antagonist	ACM5	antagonist
Glucarpidase
Enzalutamide	ANDR	inhibitor
Teduglutide	GLP2R	agonist
Ponatinib	ABL1	inhibitor	BCR	inhibitor	KIT	inhibitor	RET	inhibitor	TIE2	inhibitor	FLT3	inhibitor	FGFR1	inhibitor	FGFR2	inhibitor	FGFR3	inhibitor	FGFR4	inhibitor	LCK	inhibitor	SRC	inhibitor	LYN	inhibitor	VGFR2	inhibitor	PGFRA	inhibitor
Raxibacumab
Bedaquiline
Certolizumab pegol	TNFA	neutralizer
Formestane
Fluticasone furoate	GCR	agonist
Canagliflozin	SC5A2	inhibitor	SC5A1	inhibitor
Dimethyl fumarate	KEAP1	binder
Glycerol Phenylbutyrate
Pomalidomide	CRBN	inhibitor	TNFA	inhibitor	PGH2	inhibitor
Trametinib	MP2K1	inhibitor	MP2K2	inhibitor
Dabrafenib	BRAF	inhibitor	RAF1	inhibitor	SIK1	inhibitor	NEK11	inhibitor	LIMK1	inhibitor
Radium Ra 223 Dichloride
Insulin, isophane	INSR	agonist
Aleglitazar	PPARA	agonist	PPARG	agonist	NCOA1	unknown
Afatinib	EGFR	inhibitor	ERBB2	inhibitor	ERBB4	inhibitor
Ferric Carboxymaltose
Levomilnacipran	SC6A4	inhibitor	SC6A2	inhibitor
Zuclopenthixol acetate	DRD1	antagonist	DRD5	antagonist	ADA2A	antagonist	HRH1	antagonist	5HT2A	antagonist	ADA1A	antagonist	DRD2	antagonist
Zuclopenthixol decanoate	DRD1	antagonist	DRD5	antagonist	ADA2A	antagonist	HRH1	antagonist	5HT2A	antagonist	ADA1A	antagonist	DRD2	antagonist
Epoetin Zeta	EPOR	agonist
Amfecloral
Adrafinil
Acediasulfone
Amperozide	5HT2A	antagonist
Arsthinol
MK-8931	BACE1	inhibitor
Dolutegravir
MACITENTAN	EDNRA	antagonist	EDNRB	antagonist
LULICONAZOLE
SOFOSBUVIR
Obinutuzumab	CD20	antibody
Chlorcyclizine	HRH1	antagonist
TAS-102
Magaldrate
