gene-name	UniProt-symbol
A2LD1	GGACT
A2M	A2MG
AADACL2	ADCL2
AADAT	AADAT
AANAT	SNAT
AARS2	SYAM
AARS	SYAC
AASS	AASS
ABAT	GABT
ABCA1	ABCA1
ABCB11	ABCBB
ABCB1	MDR1
ABCB5	ABCB5
ABCC1	MRP1
ABCC2	MRP2
ABCC8	ABCC8
ABCC9	ABCC9
ABCG1	ABCG1
ABCG2	ABCG2
ABL1	ABL1
ABL2	ABL2
ABO	BGAT
ABP1	AOC1
ACACA	ACACA
ACACB	ACACB
ACAD8	ACAD8
ACADM	ACADM
ACADS	ACADS
ACADSB	ACDSB
ACAN	PGCA
ACAT1	THIL
ACAT2	THIC
ACCN1	ASIC2
ACCN2	ASIC1
ACCS	1A1L1
ACE2	ACE2
ACE	ACE
ACHE	ACES
ACO2	ACON
ACOT13	ACO13
ACOX1	ACOX1
ACP1	PPAC
ACPP	PPAP
ACSBG1	ACBG1
ACSL1	ACSL1
ACSL3	ACSL3
ACSL4	ACSL4
ACSS1	ACS2L
ACSS2	ACSA
ACTA1	ACTS
ACTR2	ARP2
ACTR3	ARP3
ACVR1	ACVR1
ACVR1B	ACV1B
ACVRL1	ACVL1
ACY1	ACY1
ACY3	ACY3
ACYP2	ACYP2
ADA	ADA
ADAM10	ADA10
ADAM17	ADA17
ADAM28	ADA28
ADAM9	ADAM9
ADAMTS5	ATS5
ADC	ADC
ADCY1	ADCY1
ADCY2	ADCY2
ADCY5	ADCY5
ADCYAP1	PACA
ADH1A	ADH1A
ADH1B	ADH1B
ADH1C	ADH1G
ADH4	ADH4
ADH5	ADHX
ADH7	ADH7
ADK	ADK
ADORA1	AA1R
ADORA2A	AA2AR
ADORA2B	AA2BR
ADORA3	AA3R
ADRA1A	ADA1A
ADRA1B	ADA1B
ADRA1D	ADA1D
ADRA2A	ADA2A
ADRA2B	ADA2B
ADRA2C	ADA2C
ADRB1	ADRB1
ADRB2	ADRB2
ADRB3	ADRB3
ADRBK1	ARBK1
ADRBK2	ARBK2
ADSSL1	PURA1
ADSS	PURA2
AFG3L2	AFG32
AGT	ANGT
AGTR1	AGTR1
AGTR2	AGTR2
AGXT2	AGT2
AGXT2L2	AT2L2
AGXT	SPYA
AHCY	SAHH
AHR	AHR
AIFM1	AIFM1
AK1	KAD1
AK2	KAD2
AK8	KAD8
AKR1A1	AK1A1
AKR1B10	AK1BA
AKR1B1	ALDR
AKR1C1	AK1C1
AKR1C2	AK1C2
AKR1C3	AK1C3
AKR1C4	AK1C4
AKR1D1	AK1D1
AKT1	AKT1
AKT2	AKT2
ALAD	HEM2
ALAS1	HEM1
ALAS1	Q5JAM2
ALAS2	HEM0
ALDH18A1	P5CS
ALDH1A1	AL1A1
ALDH1A2	AL1A2
ALDH1A3	AL1A3
ALDH1B1	AL1B1
ALDH1L1	AL1L1
ALDH2	ALDH2
ALDH3A1	AL3A1
ALDH3A2	AL3A2
ALDH3B1	AL3B1
ALDH3B2	AL3B2
ALDH4A1	AL4A1
ALDH5A1	SSDH
ALDH6A1	MMSA
ALDH7A1	AL7A1
ALDH9A1	AL9A1
ALDOA	ALDOA
ALDOB	ALDOB
ALKBH2	ALKB2
ALKBH3	ALKB3
ALOX15	LOX15
ALOX5AP	AL5AP
ALOX5	LOX5
ALPPL2	PPBN
ALPP	PPB1
AMBP	AMBP
AMD1	DCAM
AMHR2	AMHR2
AMN	AMNLS
AMT	GCST
AMY1A	AMY1
AMY2A	AMYP
AMY2B	AMY2B
ANG	ANGI
ANPEP	AMPN
ANXA1	ANXA1
ANXA2	ANXA2
ANXA3	ANXA3
ANXA5	ANXA5
AOC3	AOC3
AOX1	ADO
APAF1	APAF
APCS	SAMP
APEX1	APEX1
APH1A	APH1A
APOE	APOE
APOH	APOH
APP	A4
APRT	APT
AQP1	AQP1
ARAF	ARAF
AR	ANDR
ARF1	ARF1
ARF4	ARF4
ARF6	ARF6
ARG1	ARGI1
ARG2	ARGI2
ARL1	ARL1
ARL3	ARL3
ARL5A	ARL5A
ARL5B	ARL5B
ARPC1B	ARC1B
ARPC2	ARPC2
ARPC3	ARPC3
ARPC4	ARPC4
ARPC5	ARPC5
ARSA	ARSA
ART1	NAR1
ASGR2	ASGR2
ASL	ARLY
ASMT	ASMT
ASNA1	ASNA
ASNS	ASNS
ASPA	ACY2
ASPH	ASPH
ASRGL1	ASGL1
ASS1	ASSY
ASS1	Q5T6L4
ATIC	PUR9
ATOX1	ATOX1
ATP1A1	AT1A1
ATP2A1	AT2A1
ATP2C1	AT2C1
ATP4A	ATP4A
ATP5A1	ATPA
ATP5B	ATPB
ATP5C1	ATPG
ATP5D	ATPD
ATP6V1A	VATA
ATP6V1B2	VATB2
ATP6V1C1	VATC1
ATP8A1	AT8A1
AURKA	AURKA
AURKB	AURKB
AVPR1A	V1AR
AVPR1B	V1BR
AVPR2	V2R
AXIN1	AXIN1
AZGP1	ZA2G
B2M	B2MG
B3GAT1	B3GA1
B3GAT3	B3GA3
B4GALT1	B4GT1
B4GALT2	B4GT2
B4GALT3	B4GT3
B4GALT4	B4GT4
BAAT	BAAT
BACE1	BACE1
BAD	BAD
BAG1	BAG1
BBOX1	BODG
BCAT1	BCAT1
BCAT2	BCAT2
BCHE	CHLE
BCKDK	BCKD
BCL2	BCL2
BCL2L1	B2CL1
BCL2L2	B2CL2
BCR/ABL fusion	A1Z199
BCR/ABL fusion	A9UF02
BDH1	BDH
BDKRB2	BKRB2
BDNF	BDNF
BGLAP	OSTCN
BHMT2	BHMT2
BHMT	BHMT1
BIRC5	BIRC5
BLVRA	BIEA
BLVRB	BLVRB
BPHL	BPHL
BPI	BPI
BRAF	BRAF
BST1	BST1
BTK	BTK
C14orf149	T3HPD
C1QA	C1QA
C1QB	C1QB
C1QC	C1QC
C1R	C1R
C1S	C1S
C22orf28	RTCB
C3	CO3
C4A	CO4A
C4B	CO4B
C5	CO5
C8G	CO8G
CA10	CAH10
CA11	CAH11
CA12	CAH12
CA13	CAH13
CA14	CAH14
CA1	CAH1
CA2	CAH2
CA3	CAH3
CA4	CAH4
CA5A	CAH5A
CA5B	CAH5B
CA6	CAH6
CA7	CAH7
CA8	CAH8
CA9	CAH9
CACNA1A	CAC1A
CACNA1B	CAC1B
CACNA1C	CAC1C
CACNA1D	CAC1D
CACNA1F	CAC1F
CACNA1G	CAC1G
CACNA1H	CAC1H
CACNA1I	CAC1I
CACNA1S	CAC1S
CACNA2D1	CA2D1
CACNA2D2	CA2D2
CACNA2D3	CA2D3
CACNB1	CACB1
CACNB1	Q6TME4
CACNB2	CACB2
CACNB3	CACB3
CACNB4	CACB4
CACNG1	CCG1
CAD	PYR1
CALCA	CALCA
CALCB	CALCB
CALCR	CALCR
CALM1	CALM
CALR	CALR
CALY	CALY
CAMK1D	KCC1D
CAMK1G	KCC1G
CAMK2A	KCC2A
CAMK2B	KCC2B
CAMK2D	KCC2D
CAMK2G	KCC2G
CAMK4	KCC4
CAMLG	CAMLG
CAMP	CAMP
CANT1	CANT1
CANX	CALX
CAPN1	CAN1
CAPNS1	CPNS1
CARS2	SYCM
CARS	SYCC
CARTPT	CART
CASK	CSKP
CASP1	CASP1
CASP3	CASP3
CASP7	CASP7
CASR	CASR
CAST	ICAL
CAT	CATA
CBR1	CBR1
CBS	CBS
CCBL1	KAT1
CCBL2	KAT3
CCKAR	CCKAR
CCKBR	GASR
CCL11	CCL11
CCL2	CCL2
CCL3	CCL3
CCL5	CCL5
CCL8	CCL8
CCNA2	CCNA2
CCND1	CCND1
CCR2	CCR2
CCR5	CCR5
CCR9	CCR9
CCT3	TCPG
CD163	C163A
CD1A	CD1A
CD1D	CD1D
CD22	CD22
CD247	CD3Z
CD2	CD2
CD33	CD33
CD3D	CD3D
CD3E	CD3E
CD3G	CD3G
CD44	CD44
CD4	CD4
CD52	CD52
CD55	DAF
CD74	HG2A
CD80	CD80
CD86	CD86
CD9	CD9
CDA	CDD
CDC25B	MPIP2
CDC42	CDC42
CDH5	CADH5
CDIPT	CDIPT
CDK15	CDK15
CDK16	CDK16
CDK1	CDK1
CDK2deltaT	CDK2
CDK4	CDK4
CDK5	CDK5
CDK5R1	CD5R1
CDK6	CDK6
CDK7	CDK7
CDK8	CDK8
CDK9	CDK9
CDO1	CDO1
CDO-1	Q16857
CEACAM1	CEAM1
CEACAM5	CEAM5
CELA1	CELA1
CELA2A	CEL2A
CEL	CEL
CENPE	CENPE
CES1	EST1
CES1P1	CES1P
CFB	CFAB
CFD	CFAD
CFL1	COF1
CFTR	CFTR
CHAT	CLAT
CHD1	CHD1
CHEK1	CHK1
CHEK2	CHK2
CHIT1	CHIT1
CHM	RAE1
CHRFAM7A	CRFM7
CHRFAM7A	Q693P7
CHRM1	ACM1
CHRM2	ACM2
CHRM3	ACM3
CHRM4	ACM4
CHRM5	ACM5
CHRNA10	ACH10
CHRNA1	ACHA
CHRNA2	ACHA2
CHRNA3	ACHA3
CHRNA4	ACHA4
CHRNA5	ACHA5
CHRNA6	ACHA6
CHRNA7	ACHA7
CHRNA9	ACHA9
CHRNB1	ACHB
CHRNB2	ACHB2
CHRNB3	ACHB3
CHRNB4	ACHB4
CHRND	ACHD
CHRNE	ACHE
CHRNG	ACHG
CHUK	IKKA
CKB	KCRB
CKM	KCRM
CKMT1A	KCRU
CKMT2	KCRS
CKS1B	CKS1
CLC	LEG10
CLCN2	CLCN2
CLCNKA	CLCKA
CLEC3B	TETN
CLK1	CLK1
CLK3	CLK3
CLPP	CLPP
CLPS	COL
CMA1	CMA1
CMAS	NEUA
CMPK1	KCY
CNR1	CNR1
CNR2	CNR2
COL1A1	CO1A1
COL1A2	CO1A2
COL2A1	CO2A1
COL3A1	CO3A1
COMP	COMP
COMT	COMT
COMTD1	CMTD1
COPG	COPG1
COX4I1	COX41
COX5A	COX5A
COX5B	COX5B
COX6A2	CX6A2
COX6B1	CX6B1
COX6C	COX6C
COX7A1	CX7A1
COX7B	COX7B
COX7C	COX7C
COX8A	COX8A
CPA1	CBPA1
CPB1	CBPB1
CPB2	CBPB2
CP	CERU
CPD	CBPD
CPE	CBPE
CPS1	CPSM
CPT1A	CPT1A
CPT2	CPT2
CRAT	CACP
CREB1	CREB1
CREBBP	CBP
CRH	CRF
CROT	OCTC
CRP	CRP
CRYBB1	CRBB1
CRYM	CRYM
CRYZ	QOR
CSAD	CSAD
CS	CISY
CSF1R	CSF1R
CSF2	CSF2
CSF2RA	CSF2R
CSF2RA	Q16498
CSF2RB	IL3RB
CSF3R	CSF3R
CSK	CSK
CSNK1G1	KC1G1
CSNK1G2	KC1G2
CSNK1G3	KC1G3
CSNK2A1	CSK21
CSNK2A2	CSK22
CTBP1	CTBP1
CTDSP1	CTDS1
CTH	CGL
CTLA4	CTLA4
CTNNB1	CTNB1
CTNS	CTNS
CTPS	PYRG1
CTRB1	CTRB1
CTSB	CATB
CTSD	CATD
CTSF	CATF
CTSG	CATG
CTSH	CATH
CTSK	CATK
CTSL1	CATL1
CTSL2	CATL2
CTSS	CATS
CUBN	CUBN
CXCL10	CXL10
CXCL12	SDF1
CXCR1	CXCR1
CXCR4	CXCR4
CYB5A	CYB5
CYB5R1	NB5R1
CYB5R3	NB5R3
CYC1	CY1
CYCS	CYC
CYP11A1	CP11A
CYP11B1	C11B1
CYP11B2	C11B2
CYP17A1	CP17A
CYP19A1	CP19A
CYP1A1	CP1A1
CYP1A2	CP1A2
CYP1B1	CP1B1
CYP24A1	CP24A
CYP27B1	CP27B
CYP2A6	CP2A6
CYP2B6	CP2B6
CYP2C18	CP2CI
CYP2C8	CP2C8
CYP2C9	CP2C9
CYP2D6	CP2D6
CYP3A4	CP3A4
CYP3A5	CP3A5
CYP4A11	CP4AB
CYP51A1	CP51A
CYSLTR1	CLTR1
CYSLTR2	CLTR2
CYTH2	CYH2
CYTH3	CYH3
DAO	OXDA
DAPK1	DAPK1
DAPK3	DAPK3
DAPP1	DAPP1
DARS2	SYDM
DARS	SYDC
DBH	DOPO
DBI	ACBP
DCI	ECI1
DCK	DCK
DCN	PGS2
DCPS	DCPS
DCXR	DCXR
DDAH1	DDAH1
DDAH2	DDAH2
DDC	DDC
DDC	Q6IBS8
DDR1	DDR1
DDX6	DDX6
DECR1	DECR
DGKA	DGKA
DGKD	DGKD
DGKG	DGKG
DHCR7	DHCR7
DHFR	DYR
DHFRL1	DYRL1
DHODH	PYRD
DHPS	DHYS
DHRS11	DHR11
DHRS3	DHRS3
DHRS4	DHRS4
DHRS4L1	DR4L1
DHRS4L2	DR4L2
DKFZp686P18130	Q7KZA3
DLAT	ODP2
DLD	DLDH
DLG4	DLG4
DMPK	DMPK
DNMT1	DNMT1
DNPEP	DNPEP
DNTT	TDT
DPEP1	DPEP1
DPH5	DPH5
DPP4	DPP4
DPYD	DPYD
DRD1	DRD1
DRD2	DRD2
DRD3	DRD3
DRD4	DRD4
DRD5	D
DRD5	DRD5
DSTN	DEST
DTYMK	KTHY
DUSP23	DUS23
DUT	DUT
DYRK1A	DYR1A
EARS2	SYEM
ECE1	ECE1
ECHS1	ECHM
EDN1	EDN1
EDNRA	EDNRA
EDNRB	EDNRB
EEA1	EEA1
EEF1A1	EF1A1
EEF2	EF2
EFTUD1	ETUD1
EGF	EGF
EGFR	EGFR
EGLN1	EGLN1
EGLN2	EGLN2
EGLN3	EGLN3
EHHADH	ECHP
EIF2S3	IF2G
EIF4E	IF4E
ELANE	ELNE
ELN	ELN
ELOVL4	ELOV4
ELSPBP1	ESPB1
EN2	HME2
ENO2	ENOG
ENO3	ENOB
ENOPH1	ENOPH
ENOX2	ENOX2
ENPEP	AMPE
ENPP1	ENPP1
EPCAM	EPCAM
EPHA2	EPHA2
EPHA7	EPHA7
EPHB2	EPHB2
EPHB4	EPHB4
EPHX2	HYES
EPN1	EPN1
EPOR	EPOR
EPRS	SYEP
EPX	PERE
ERBB2	ERBB2
ERN1	ERN1
ERO1LB	ERO1B
ESD	ESTD
ESR1	ESR1
ESR2	ESR2
ESRRA	ERR1
ESRRG	ERR3
ETFDH	ETFD
EXTL2	EXTL2
F10	FA10
F11	FA11
F13A1	F13A
F2R	PAR1
F2	THRB
F3	TF
F5	FA5
F7	FA7
F8	FA8
F9	FA9
FAAH	FAAH1
FABP2	FABPI
FABP6	FABP6
FADS1	FADS1
FADS2	FADS2
FAH	FAAA
FARS2	SYFM
FARSA	SYFA
FARSB	SYFB
FASN	FAS
FBP1	F16P1
FCER1A	FCERA
FCER1G	FCERG
FCGR1A	FCGR1
FCGR1B	FCGRB
FCGR2A	FCG2A
FCGR2B	FCG2B
FCGR2C	FCG2C
FCGR3A	FCG3A
FCGR3B	FCG3B
FDFT1	FDFT
FDPS	FPPS
FDX1	ADX
FDXR	ADRO
FECH	HEMH
FFAR1	FFAR1
FGA	FIBA
FGB	FIBB
FGF1	FGF1
FGF2	FGF2
FGF4	FGF4
FGFR1	FGFR1
FGFR2	FGFR2
FGFR3	FGFR3
FGFR4	FGFR4
FGG	FIBG
FHIT	FHIT
FKBP1A	FKB1A
FLT1	VGFR1
FLT3	FLT3
FLT4	VGFR3
FN1	FINC
FNTA	FNTA
FNTB	FNTB
FOLH1	FOLH1
FOLR1	FOLR1
FOLR2	FOLR2
FOLR3	FOLR3
FOS	FOS
FPGS	FOLC
FPR1	FPR1
FSHR	FSHR
FST	FST
FTCD	FTCD
FTH1	FRIH
FTL	FRIL
FUBP1	FUBP1
FURIN	FURIN
FXYD2	ATNG
FYN	FYN
G6PD	G6PD
GAA	LYAG
GABBR1	GABR1
GABBR2	GABR2
GABRA1	GBRA1
GABRA2	GBRA2
GABRA3	GBRA3
GABRA4	GBRA4
GABRA5	GBRA5
GABRA6	GBRA6
GABRB1	GBRB1
GABRB2	GBRB2
GABRB3	GBRB3
GABRD	GBRD
GABRE	GBRE
GABRG1	GBRG1
GABRG2	GBRG2
GABRG3	GBRG3
GABRP	GBRP
GABRQ	GBRT
GABRR1	GBRR1
GABRR2	GBRR2
GABRR3	GBRR3
GAD1	DCE1
GAD1	Q49AK1
GAD1	Q8IVA8
GAD2	DCE2
GAD2	Q5VZ30
GAD65	Q9UGI5
GADL1	GADL1
GALE	GALE
GALK1	GALK1
GAMT	GAMT
GAPDH	G3P
GAPDHS	G3PT
GARS	SYG
GART	PUR2
GATM	GATM
GBA	GLCM
GCAT	KBL
GCDH	GCDH
GCGR	GLR
GCH1	GCH1
GCK	HXK4
GCLC	GSH1
GCLM	GSH0
GCSH	GCSH
GDI1	GDIA
GDNF	GDNF
GFER	ALR
GGCX	VKGC
GGPS1	GGPPS
GGT1	GGT1
GHR	GHR
GHRHR	GHRHR
GHSR	GHSR
GIG18	Q2TU84
GJA1	CXA1
GLA	AGAL
GLDC	GCSP
GLIPR1	GLIP1
GLIPR2	GAPR1
GLO1	LGUL
GLP1R	GLP1R
GLP2R	GLP2R
GLRA1	GLRA1
GLRA2	GLRA2
GLRA3	GLRA3
GLRB	GLRB
GLRX2	GLRX2
GLRX	GLRX1
GLS2	GLSL
GLS	GLSK
GLT6D1	GL6D1
GLTP	GLTP
GLUD1	DHE3
GLUD2	DHE4
GLUL	GLNA
GLYAT	GLYAT
GLYATL1	GLYL1
GLYATL2	GLYL2
GM2A	SAP3
GMDS	GMDS
GMPR	GMPR1
GMPS	GUAA
GNAI1	GNAI1
GNAS	GNAS2
GNAT1	GNAT1
GNB1	GBB1
GNG2	GBG2
GNGT1	GBG1
GNLY	GNLY
GNMT	GNMT
GNPDA1	GNPI1
GNRHR2	GNRR2
GNRHR	GNRHR
GOT1	AATC
GOT2	AATM
GP1BA	GP1BA
GP9	GPIX
GPD1	GPDA
GPHN	GEPH
GPI	G6PI
GPR109A	HCAR2
GPR109B	HCAR3
GPR110	GP110
GPR119	GP119
GPR120	FFAR4
GPR18	GPR18
GPR44	PD2R2
GPRC5A	RAI3
GPT2	ALAT2
GPT	ALAT1
GPX1	GPX1
GPX1	Q6NSD4
GPX2	GPX2
GPX3	GPX3
GPX4	GPX4
GPX5	GPX5
GPX6	GPX6
GPX7	GPX7
GPX8	GPX8
GRB2	GRB2
GRIA1	GRIA1
GRIA2	GRIA2
GRIA3	GRIA3
GRIA4	GRIA4
GRID1	GRID1
GRID2	GRID2
GRIK1	GRIK1
GRIK2	GRIK2
GRIK3	GRIK3
GRIK4	GRIK4
GRIK5	GRIK5
GRIN1	NMDZ1
GRIN2A	NMDE1
GRIN2B	NMDE2
GRIN2C	NMDE3
GRIN2D	NMDE4
GRIN3A	NMD3A
GRIN3B	NMD3B
GRM1	GRM1
GRM2	GRM2
GRM3	GRM3
GRM4	GRM4
GRM5	GRM5
GRM7	GRM7
GRM8	GRM8
GSG2	HASP
GSK3B	GSK3B
GSN	GELS
GSPT1	ERF3A
GSR	GSHR
GSS	GSHB
GSTA1	GSTA1
GSTA2	GSTA2
GSTA3	GSTA3
GSTA4	GSTA4
GSTA5	GSTA5
GSTK1	GSTK1
GSTM1	GSTM1
GSTM2	GSTM2
GSTM3	GSTM3
GSTM4	GSTM4
GSTM5	GSTM5
GSTO1	GSTO1
GSTO2	GSTO2
GSTP1	GSTP1
GSTT1	GSTT1
GSTT2	GST2
GSTZ1	MAAI
GUCA1A	GUC1A
GUCY1A2	GCYA2
GUCY2C	GUC2C
GUK1	KGUA
GYG1	GLYG
H6PD	G6PE
HADHA	ECHA
HADH	HCDH
HAGH	GLO2
HAL	HUTH
HAO1	HAOX1
HAO2	HAOX2
HARS	SYHC
HBA1	HBA
HBB	HBB
HCK	HCK
HCN2	HCN2
HCRT	OREX
HDAC1	HDAC1
HDAC2	HDAC2
HDAC3	HDAC3
HDAC4	HDAC4
HDAC6	HDAC6
HDAC7	HDAC7
HDAC8	HDAC8
HDAC9	HDAC9
HDC	DCHS
HEXB	HEXB
HGF	HGF
HGS	HGS
HIBADH	3HIDH
HIBCH	HIBCH
HIF1A	HIF1A
HIF1AN	HIF1N
HINT1	HINT1
HK1	HXK1
HLA-A	1A02
HLA-B	1B27
HLA-DQA2	DQA2
HLA-DQB1	DQB1
HLA-DRB1	2B11
HLCS	BPL1
HMGB1	HMGB1
HMGCL	HMGCL
HMGCR	HMDH
HMGCS1	HMCS1
HMOX1	HMOX1
HMOX2	HMOX2
HNF1A	HNF1A
HNF4A	HNF4A
HNF4G	HNF4G
HNMT	HNMT
HPD	HPPD
HPGD	PGDH
HPGDS	HPGDS
HPN	HEPS
HPRT1	HPRT
HRAS	RASH
HRH1	HRH1
HRH2	HRH2
HRH3	HRH3
HRH4	HRH4
HRSP12	UK114
HS3ST1	HS3S1
HS3ST3A1	HS3SA
HSD11B1	DHI1
HSD11B2	DHI2
HSD17B10	HCD2
HSD17B11	DHB11
HSD17B1	DHB1
HSD17B2	DHB2
HSD17B3	DHB3
HSD17B4	DHB4
HSD17B6	H17B6
HSD17B7	DHB7
HSD17B8	DHB8
HSD3B1	3BHS1
HSD3B2	3BHS2
HSP90AA1	HS90A
HSP90AB1	HS90B
HSP90B1	ENPL
HSPA5	GRP78
HSPA8	HSP7C
HSPB1	HSPB1
HSPG2	PGBM
HTR1A	5HT1A
HTR1B	5HT1B
HTR1D	5HT1D
HTR1E	5HT1E
HTR1F	5HT1F
HTR2A	5HT2A
HTR2B	5HT2B
HTR2C	5HT2C
HTR3A	5HT3A
HTR4	5HT4R
HTR6	5HT6R
HTR7	5HT7R
IARS2	SYIM
IARS	SYIC
ICAM1	ICAM1
IDE	IDE
IDH1	IDHC
IDH2	IDHP
IDH3A	IDH3A
IDH3B	IDH3B
IDH3G	IDH3G
IDI1	IDI1
IFNAR1	INAR1
IFNAR2	INAR2
IFNB1	IFNB
IFNG	IFNG
IFNGR1	INGR1
IFNGR2	INGR2
IGF1	IGF1
IGF1R	IGF1R
IGF2R	MPRI
IGFBP3	IBP3
IGFBP7	IBP7
IGHA2	IGHA2
IGHG1	IGHG1
IGHG2	IGHG2
IGKC	IGKC
IGLC1	LAC1
IGSF10	IGS10
IKBKB	IKKB
IKBKG	NEMO
IL10	IL10
IL11RA	I11RA
IL12B	IL12B
IL13	IL13
IL13RA2	I13R2
IL1B	IL1B
IL1R1	IL1R1
IL23A	IL23A
IL2	IL2
IL2RA	IL2RA
IL2RB	IL2RB
IL2RG	IL2RG
IL3	IL3
IL3RA	IL3RA
IL4I1	OXLA
IL4R	IL4RA
IL5	IL5
IL6	IL6
IL6R	IL6RA
IL8	IL8
IMPA1	IMPA1
IMPA2	IMPA2
IMPDH1	IMDH1
IMPDH2	IMDH2
INCENP	INCE
INPP5B	I5P2
INS	INS
INSR	INSR
IRAK4	IRAK4
IRGC	IIGP5
IRS1	IRS1
ISG20	ISG20
ISYNA1	INO1
ITGA2B	ITA2B
ITGA4	ITA4
ITGAL	ITAL
ITGAV	ITAV
ITGB1	ITB1
ITGB2	ITB2
ITGB3	ITB3
ITGB4	ITB4
ITGB7	ITB7
ITK	ITK
ITPA	ITPA
ITPKA	IP3KA
ITPR1	ITPR1
IVD	IVD
IYD	IYD1
JAK1	JAK1
JAK2	JAK2
JAK3	JAK3
JUN	JUN
KARS	SYK
KAT2A	KAT2A
KAT2B	KAT2B
KAT5	KAT5
KCNA1	KCNA1
KCNA4	KCNA4
KCNC4	KCNC4
KCND2	KCND2
KCND3	KCND3
KCNE1	KCNE1
KCNH2	KCNH2
KCNH6	KCNH6
KCNH7	KCNH7
KCNJ11	IRK11
KCNJ12	IRK12
KCNJ1	IRK1
KCNJ3	IRK3
KCNJ5	IRK5
KCNJ6	IRK6
KCNJ8	IRK8
KCNK1	KCNK1
KCNK2	KCNK2
KCNK3	KCNK3
KCNK6	KCNK6
KCNK9	KCNK9
KCNMA1	KCMA1
KCNMB1	KCMB1
KCNMB2	KCMB2
KCNMB3	KCMB3
KCNMB4	KCMB4
KCNN1	KCNN1
KCNN2	KCNN2
KCNN3	KCNN3
KCNN4	KCNN4
KCNQ1	KCNQ1
KCNQ2	KCNQ2
KCNQ3	KCNQ3
KCNQ4	KCNQ4
KCNQ5	KCNQ5
KDM5D	KDM5D
KDR	VGFR2
KIF11	KIF11
KIF1A	KIF1A
KIF2C	KIF2C
KIT	KIT
KLK1	KLK1
KLK6	KLK6
KLK7	KLK7
KLKB1	KLKB1
KRAS	RASK
KRT12	K1C12
KRT7	K2C7
KRT8	K2C8
KRTAP5-2	KRA52
KRTAP5-3	KRA53
KYNU	KYNU
L3MBTL1	LMBL1
LALBA	LALBA
LAP3	AMPL
LARS2	SYLM
LARS	SYLC
LCK	LCK
LCMT1	LCMT1
LCMT2	LCMT2
LCN2	NGAL
LCN9	LCN9
LCTL	LCTL
LCT	LPH
LDHAL6A	LDH6A
LDHAL6B	LDH6B
LDHA	LDHA
LDHB	LDHB
LDHC	LDHC
LDLR	LDLR
LEPRE1	P3H1
LEPREL1	P3H2
LEPREL2	P3H3
LEPR	LEPR
LGALS1	LEG1
LGALS2	LEG2
LGALS3	LEG3
LGALS7	LEG7
LGALS9	LEG9
LGSN	LGSN
LHCGR	LSHR
LIAS	LIAS
LIG1	DNLI1
LIG3	DNLI3
LIPF	LIPG
LIPT1	LIPT
LMAN1	LMAN1
LPA	APOA
LPL	LIPL
LRAT	LRAT
LRP1	LRP1
LRP2	LRP2
LSM6	LSM6
LSS	ERG7
LTA4H	LKHA4
LTA	TNFB
LTC4S	LTC4S
LTF	TRFL
LY96	LY96
LYN	LYN
LYZ	LYSC
M6PR	MPRD
MAEA	MAEA
MAN1B1	MA1B1
MAN2A1	MA2A1
MAOA	AOFA
MAOB	AOFB
MAP1A	MAP1A
MAP2K1	MP2K1
MAP2	MTAP2
MAP3K1	M3K1
MAP3K9	M3K9
MAP4	MAP4
MAPK10	MK10
MAPK11	MK11
MAPK12	MK12
MAPK13	MK13
MAPK14	MK14
MAPK1	MK01
MAPK3	MK03
MAPK8IP1	JIP1
MAPK8	MK08
MAPK9	MK09
MAPKAPK2	MAPK2
MAPKAPK3	MAPK3
MAPT	TAU
MASP2	MASP2
MAT1A	METK1
MAT2A	METK2
MBL2	MBL2
MB	MYG
MC1R	MSHR
MC2R	ACTHR
MCAT	FABD
MCCC1	MCCA
MCCC2	MCCB
MCFD2	MCFD2
MDH1	MDHC
MDH2	MDHM
MDM2	MDM2
ME1	MAOX
ME2	MAOM
ME3	MAON
MED1	MED1
MERTK	MERTK
METAP1	MAP11
METAP2	MAP2
MET	MET
MGAM	MGA
MGAT1	MGAT1
MGMT	MGMT
MGST1	MGST1
MGST2	MGST2
MGST3	MGST3
MIF	MIF
MKL1	MKL1
MLLT4	AFAD
MMAA	MMAA
MMAB	MMAB
MMACHC	MMAC
MME	NEP
MMP10	MMP10
MMP11	MMP11
MMP12	MMP12
MMP13	MMP13
MMP14	MMP14
MMP15	MMP15
MMP16	MMP16
MMP17	MMP17
MMP19	MMP19
MMP1	MMP1
MMP20	MMP20
mmp20	O43923
MMP21	MMP21
MMP23A	MMP23
MMP24	MMP24
MMP25	MMP25
MMP26	MMP26
MMP27	MMP27
MMP28	MMP28
MMP2	MMP2
MMP3	MMP3
MMP7	MMP7
MMP8	MMP8
MOCOS	MOCOS
MPL	TPOR
MPO	PERM
MR1	HMR1
MS4A1	CD20
MS4A2	FCERB
MSRA	MSRA
MST4	MST4
MSTN	GDF8
MTAP	MTAP
MT-CO1	COX1
MT-CO2	COX2
MT-CO3	COX3
MT-CYB	CYB
MTFMT	FMT
MTHFD1	C1TC
MTHFD2	MTDC
MTHFR	MTHR
MT-ND1	NU1M
MT-ND2	NU2M
MT-ND3	NU3M
MT-ND4L	NU4LM
MT-ND4	NU4M
MT-ND5	NU5M
MT-ND6	NU6M
MTNR1A	MTR1A
MTNR1B	MTR1B
MTOR	MTOR
MTR	METH
MTRR	MTRR
MTTP	MTP
MUC16	MUC16
MUC2	MUC2
MUT	MUTA
MVK	KIME
MYH11	MYH11
MYH14	MYH14
MYH7	MYH7
MYL12A	ML12A
MYL6B	MYL6B
NADSYN1	NADE
NAE1	ULA1
NAGA	NAGAB
NAGK	NAGK
NAGLU	ANAG
NAGPA	NAGPA
NAGS	NAGS
NAMPT	NAMPT
NARS2	SYNM
NARS	SYNC
NCAN	NCAN
NCOA1	NCOA1
NCOA2	NCOA2
NCOA5	NCOA5
NDST1	NDST1
NDUFA10	NDUAA
NDUFA11	NDUAB
NDUFA12	NDUAC
NDUFA13	NDUAD
NDUFA1	NDUA1
NDUFA2	NDUA2
NDUFA3	NDUA3
NDUFA4L2	NUA4L
NDUFA4	NDUA4
NDUFA5	NDUA5
NDUFA6	NDUA6
NDUFA7	NDUA7
NDUFA8	NDUA8
NDUFA9	NDUA9
NDUFAB1	ACPM
NDUFB10	NDUBA
NDUFB1	NDUB1
NDUFB2	NDUB2
NDUFB3	NDUB3
NDUFB4	NDUB4
NDUFB5	NDUB5
NDUFB6	NDUB6
NDUFB7	NDUB7
NDUFB8	NDUB8
NDUFB9	NDUB9
NDUFC1	NDUC1
NDUFC2	NDUC2
NDUFS1	NDUS1
NDUFS2	NDUS2
NDUFS3	NDUS3
NDUFS4	NDUS4
NDUFS5	NDUS5
NDUFS6	NDUS6
NDUFS7	NDUS7
NDUFS8	NDUS8
NDUFV1	NDUV1
NDUFV2	NDUV2
NDUFV3	NDUV3
NEIL1	NEIL1
NEK2	NEK2
NEU1	NEUR1
NEU2	NEUR2
NFE2L1	NF2L1
NFKB1	NFKB1
NFKB2	NFKB2
NFKBIA	IKBA
NFS1	NFS1
NGF	NGF
NHP2L1	NH2L1
NID1	NID1
NISCH	NISCH
NME1	NDKA
NME2	NDKB
NMNAT1	NMNA1
NMNAT3	NMNA3
NMRAL1	NMRL1
NMT1	NMT1
NMT2	NMT2
NNMT	NNMT
NNT	NNTM
NOS1	NOS1
NOS2	NOS2
NOS3	N
NOS3	NOS3
NOV	NOV
NOXO1	NOXO1
NPC1L1	NPCL1
NPEPPS	PSA
NPPB	ANFB
NPR1	ANPRA
NPR2	ANPRB
NPR3	ANPRC
NPSR1	NPSR1
NPY1R	NPY1R
NPY2R	NPY2R
NPY5R	NPY5R
NPY	NPY
NQO1	NQO1
NQO2	NQO2
NR0B1	NR0B1
NR1H2	NR1H2
NR1H3	NR1H3
NR1H4	NR1H4
NR1I2	NR1I2
NR1I3	NR1I3
NR3C1	GCR
NR3C2	MCR
NR5A1	STF1
NRIP1	NRIP1
NRP1	NRP1
NSDHL	NSDHL
NSF	NSF
NT5C2	5NTC
NT5E	5NTD
NT5M	NT5M
NTF3	NTF3
NTF4	NTF4
NTRK1	NTRK1
NTRK2	NTRK2
NTSR2	NTR2
NUDT9	NUDT9
OAS1	OAS1
OAT	OAT
OAZ1	OAZ1
OAZ2	OAZ2
OAZ3	OAZ3
ODC1	DCOR
OGDH	ODO1
OGFOD1	OGFD1
OGFOD2	OGFD2
OPLAH	OPLA
OPRD1	OPRD
OPRK1	OPRK
OPRL1	OPRX
OPRM1	OPRM
OPRS1	Q5T1J1
ORM1	A1AG1
ORM2	A1AG2
OTC	OTC
OXCT1	SCOT1
OXCT2	SCOT2
OXT	NEU1
OXTR	OXYR
P2RY12	P2Y12
P2RY2	P2RY2
P4HA1	P4HA1
P4HA2	P4HA2
P4HB	PDIA1
P4HTM	P4HTM
P5CR2	Q4W8W1
PADI1	PADI1
PADI2	PADI2
PADI3	PADI3
PADI4	PADI4
PADI6	PADI6
PAEP	PAEP
PAFAH1B3	PA1B3
PAH	PH4H
PAICS	PUR6
PAM	AMD
PANX1	PANX1
PAPOLA	PAPOA
PAPSS1	PAPS1
PARK7	PARK7
PARP15	PAR15
PARP1	PARP1
PARP2	PARP2
PARP3	PARP3
PARS2	SYPM
pcap	Q96JQ3
PCBD1	PHS
PCCA	PCCA
PCCB	PCCB
PCK1	PCKGC
PCMT1	PIMT
PC	PYC
PCSK1	NEC1
PCSK2	NEC2
PCTP	PPCT
PCYT1A	PCY1A
PCYT1B	PCY1B
PDCD1	PDCD1
PDC	PHOS
PDE10A	PDE10
PDE11A	PDE11
PDE1A	PDE1A
PDE1B	PDE1B
PDE2A	PDE2A
PDE2A	Q8IW54
PDE3A	PDE3A
PDE3B	PDE3B
PDE4A	PDE4A
PDE4B	PDE4B
PDE4C	PDE4C
PDE4D	PDE4D
PDE5A	PDE5A
PDE6G	CNRG
PDE6H	CNCG
PDE7A	PDE7A
PDE7B	PDE7B
PDE8A	PDE8A
PDE8B	PDE8B
PDE9A	PDE9A
PDF	DEFM
PDGFD	PDGFD
PDGFRA	PGFRA
PDGFRB	PGFRB
PDHA1	ODPA
PDHA2	ODPAT
PDHB	ODPB
PDK1	PDK1
PDK2	PDK2
PDK3	PDK3
PDK4	PDK4
PDPK1	PDPK1
PDXDC1	PDXD1
PDXK	PDXK
PDXP	PLPP
PECI	ECI2
PECR	PECR
PET112L	GATB
PF4	PLF4
PFAS	PUR4
PFKFB1	F261
PFKFB4	F264
PFN1	PROF1
PFN2	PROF2
PGAM2	PGAM2
PGCP	CBPQ
PGD	6PGD
PGF	PLGF
PGGT1B	PGTB1
PGK1	PGK1
PGLYRP3	PGRP3
PGM1	PGM1
PGR	PRGR
PHGDH	SERA
PHOSPHO1	PHOP1
PHYH	PAHX
PIK3C3	PK3C3
PIK3CA	PK3CA
PIK3CB	PK3CB
PIK3CD	PK3CD
PIK3CG	PK3CG
PIK3R1	P85A
PIK3R2	P85B
PIK3R3	P55G
PIM1	PIM1
PIN1	PIN1
PIPOX	SOX
PISD	PISD
PITPNA	PIPNA
PKIA	IPKA
PKLR	KPYR
PKM2	KPYM
PLA2G1B	PA21B
PLA2G2A	PA2GA
PLA2G2D	PA2GD
PLA2G2E	PA2GE
PLA2G4A	PA24A
PLA2G6	PLPL9
PLA2G7	PAFA
PLAT	TPA
PLAUR	UPAR
PLAU	UROK
PLCD1	PLCD1
PLCL1	PLCL1
PLD1	PLD1
PLD2	PLD2
PLEKHA1	PKHA1
PLEKHA4	PKHA4
PLG	PLMN
PLIN3	PLIN3
PLK1	PLK1
PLOD1	PLOD1
PLOD2	PLOD2
PLOD3	PLOD3
PMP2	MYP2
PMS2	PMS2
PNLIP	LIPP
PNLIPRP2	LIPR2
PNMT	PNMT
PNPO	PNPO
PNP	PNPH
POLA1	DPOLA
POLA2	DPOA2
POLB	DPOLB
POLE2	DPOE2
POLE3	DPOE3
POLE4	DPOE4
POLE	DPOE1
POLK	POLK
POMC	COLI
PON1	PON1
POR	NCPR
PPARA	PPARA
PPARD	PPARD
PPARG	PPARG
PPAT	PUR1
PPBP	CXCL7
PPCDC	COAC
PPIA	PPIA
PPIB	PPIB
PPIC	PPIC
PPIF	PPIF
PPIG	PPIG
PPIH	PPIH
PPP1CA	PP1A
PPP1CC	PP1G
PPP2CA	PP2AA
PPP2CB	PP2AB
PPP2R1A	2AAA
PPP2R2A	2ABA
PPP2R5C	2A5G
PPP3CA	PP2BA
PPP3R1	CANB1
PPP3R2	CANB2
PPT1	PPT1
PPYR1	NPY4R
PRDX2	PRDX2
PRDX5	PRDX5
PRDX6	PRDX6
PREP	PPCE
PRG2	PRG2
PRKAA1	AAPK1
PRKAB1	AAKB1
PRKAB2	AAKB2
PRKACA	KAPCA
PRKACB	KAPCB
PRKAR1A	KAP0
PRKAR2A	KAP2
PRKAR2B	KAP3
PRKCA	KPCA
PRKCB	KPCB
PRKCD	KPCD
PRKCE	KPCE
PRKCI	KPCI
PRKCQ	KPCT
PRKDC	PRKDC
PRLR	PRLR
PRMT1	ANM1
PRMT3	ANM3
PRNP	PRIO
PROC	PROC
PROCR	EPCR
PRODH	PROD
PROS1	PROS
PROSC	PROSC
PROZ	PROZ
PRSS1	TRY1
PRSS2	TRY2
PRSS3	TRY3
PRSS8	PRSS8
PRTN3	PRTN3
PSAP	SAP
PSAT1	SERC
PSENEN	PEN2
PSMA1	PSA1
PSMA2	PSA2
PSMA3	PSA3
PSMA4	PSA4
PSMA5	PSA5
PSMA6	PSA6
PSMA7	PSA7
PSMB1	PSB1
PSMB2	PSB2
PSMB3	PSB3
PSMB4	PSB4
PSMB5	PSB5
PSMB6	PSB6
PSMB7	PSB7
PSMD1	PSMD1
PSMD2	PSMD2
PSPH	SERB
PTDSS1	PTSS1
PTDSS2	PTSS2
PTGDR	PD2R
PTGER1	PE2R1
PTGER2	PE2R2
PTGER3	PE2R3
PTGER4	PE2R4
PTGES3	TEBP
PTGFR	PF2R
PTGIR	PI2R
PTGIS	PTGIS
PTGR1	PTGR1
PTGR2	PTGR2
PTGS1	PGH1
PTGS2	PGH2
PTH1R	PTH1R
PTH	PTHY
PTK2B	FAK2
PTK2	FAK1
PTPN11	PTN11
PTPN1	PTN1
PTPN4	PTN4
PTPRB	PTPRB
PTPRE	PTPRE
PTPRS	PTPRS
PTS	PTPS
PVALB	PRVA
PVR	PVR
PYCR1	P5CR1
PYCR2	P5CR2
PYCRL	P5CR3
PYGB	PYGB
PYGL	PYGL
PYGM	PYGM
QDPR	DHPR
QPCT	QPCT
QPRT	NADC
RAB11A	RB11A
RAB5A	RAB5A
RAB7A	RAB7A
RAB8B	RAB8B
RAB9A	RAB9A
RABGGTA	PGTA
RABGGTB	PGTB2
RAC1	RAC1
RAD51	RAD51
RAF1	RAF1
RALA	RALA
RAMP1	RAMP1
RAMP2	RAMP2
RAMP3	RAMP3
RAN	RAN
RAP2A	RAP2A
RARA	RARA
RARB	RARB
RARG	RARG
RARRES1	TIG1
RB1	RB
RBP1	RET1
RBP3	RET3
RCVRN	RECO
RDH11	RDH11
RDH12	RDH12
RDH13	RDH13
RDH14	RDH14
RDH5	RDH1
RDH8	RDH8
RDX	RADI
REG1A	REG1A
RENBP	RENBP
REN	RENI
RET	O43519
RET	RET
RETSAT	RETST
RFK	RIFK
RHD	A6PZ59
RHEB	RHEB
RHOA	RHOA
RHOB	RHOB
RHO	OPSD
RLBP1	RLBP1
RNASE1	RNAS1
RNASE2	RNAS2
RNASE3	ECP
RNASE4	RNAS4
RND3	RND3
ROCK1	ROCK1
ROCK2	ROCK2
RORA	RORA
RORB	RORB
RPIA	RPIA
RPL10L	RL10L
RPL11	RL11
RPL13A	RL13A
RPL15	RL15
RPL19	RL19
RPL23A	RL23A
RPL23	RL23
RPL26L1	RL26L
RPL37	RL37
RPL3	RL3
RPL8	RL8
RPS6KA1	KS6A1
RPS6KA4	KS6A4
RPSA	RSSA
RRM1	RIR1
RRM2B	RIR2B
RRM2	RIR2
RSL24D1	RLP24
RXRA	RXRA
RXRB	RXRB
RXRG	RXRG
RYR1	RYR1
S100A11	S10AB
S100A12	S10AC
S100A13	S10AD
S100A1	S10A1
S100A2	S10A2
S100A4	S10A4
S100A7	S10A7
S100B	S100B
S100G	S100G
S100P	S100P
S1PR5	S1PR5
SAA1	SAA1
SAR1B	SAR1B
SARS	SYSC
SAT1	SAT1
SC4MOL	MSMO1
SCARB1	SCRB1
SCGB1A1	UTER
SCLY	SCLY
SCMH1	SCMH1
SCN10A	SCNAA
SCN11A	SCNBA
SCN1A	SCN1A
SCN1B	SCN1B
SCN2A	SCN2A
SCN2B	SCN2B
SCN3A	SCN3A
SCN3B	SCN3B
SCN4A	SCN4A
SCN4B	SCN4B
SCN5A	SCN5A
SCN8A	SCN8A
SCN9A	SCN9A
SCNN1A	SCNNA
SCNN1B	SCNNB
SCNN1D	SCNND
SCNN1G	SCNNG
SCPEP1	RISC
SCTR	SCTR
SCYL1	NTKL
SDC2	SDC2
SDF2	SDF2
SDHA	DHSA
SDHB	DHSB
SDHC	C560
SDHD	DHSD
SDSL	SDSL
SDS	SDHL
SEC14L2	S14L2
SEC14L3	S14L3
SEC14L4	S14L4
SELE	LYAM2
SELP	LYAM3
SEPSECS	SPCS
SERPINA1	A1AT
SERPINA5	IPSP
SERPINB2	PAI2
SERPINB3	SPB3
SERPINB5	SPB5
SERPINB6	SPB6
SERPINC1	ANT3
SERPIND1	HEP2
SERPINE1	PAI1
SERPINF2	A2AP
SERPING1	IC1
SETD7	SETD7
SFTPA1	SFTA1
SFTPD	SFTPD
SGK1	SGK1
SGPL1	SGPL1
SHBG	SHBG
SHMT1	GLYC
SHMT2	GLYM
SIGLEC1	SN
SIGLEC7	SIGL7
SIGMAR1	SGMR1
SIRT1	SIR1
SIRT3	SIR3
SIRT5	SIR5
SI	SUIS
SKP1	SKP1
SLC12A1	S12A1
SLC12A2	S12A2
SLC12A3	S12A3
SLC12A4	S12A4
SLC12A5	S12A5
SLC12A6	S12A6
SLC12A7	S12A7
SLC13A1	S13A1
SLC13A2	S13A2
SLC13A3	S13A3
SLC16A1	MOT1
SLC16A2	MOT8
SLC16A3	MOT4
SLC16A4	MOT5
SLC16A5	MOT6
SLC16A6	MOT7
SLC16A7	MOT2
SLC16A8	MOT3
SLC18A1	VMAT1
SLC18A2	VMAT2
SLC19A2	S19A2
SLC19A3	S19A3
SLC1A1	EAA3
SLC1A2	EAA2
SLC1A3	EAA1
SLC1A4	SATT
SLC1A5	AAAT
SLC1A6	EAA4
SLC1A7	EAA5
SLC22A11	S22AB
SLC22A4	S22A4
SLC22A5	S22A5
SLC22A6	S22A6
SLC22A8	S22A8
SLC23A1	S23A1
SLC25A10	DIC
SLC25A12	CMC1
SLC25A13	CMC2
SLC25A15	ORNT1
SLC25A18	GHC2
SLC25A20	MCAT
SLC25A22	GHC1
SLC25A29	MCATL
SLC25A2	ORNT2
SLC25A4	ADT1
SLC25A5	ADT2
SLC25A6	ADT3
SLC29A1	S29A1
SLC2A2	GTR2
SLC32A1	VIAAT
SLC36A1	S36A1
SLC38A3	S38A3
SLC3A1	SLC31
SLC5A6	SC5A6
SLC6A14	S6A14
SLC6A1	SC6A1
SLC6A2	SC6A2
SLC6A3	SC6A3
SLC6A4	SC6A4
SLC6A5	SC6A5
SLC6A7	SC6A7
SLC6A8	SC6A8
SLC6A9	SC6A9
SLC7A11	XCT
SLC7A1	CTR1
SLC7A2	CTR2
SLC7A3	CTR3
SLC7A4	CTR4
SLC7A8	LAT2
SLC7A9	BAT1
SLC8A1	NAC1
SLC9A1	SL9A1
SLCO2B1	SO2B1
SLK	SLK
SMAD2	SMAD2
SMARCA5	SMCA5
SMG6	EST1A
SMO	SMO
SMOX	SMOX
SMPD1	ASM
SMPD3	NSMA2
SMPD4	NSMA3
SMS	SPSY
SNAP25	SNP25
SNRPA	SNRPA
SNX3	SNX3
SOAT1	SOAT1
SOAT2	SOAT2
SOD1	SODC
SOD2	SODM
SORD	DHSO
SPINK6	ISK6
SPIRE2	SPIR2
SPR	SPRE
SPTBN1	SPTB2
SPTLC1	SPTC1
SPTLC2	SPTC2
SPTLC3	SPTC3
SQLE	ERG1
SRC	SRC
SRD5A1	S5A1
SRD5A2	S5A2
SRPK2	SRPK2
SRR	SRR
SSTR1	SSR1
SSTR2	SSR2
SSTR3	SSR3
SSTR5	SSR5
SST	SMS
ST14	ST14
ST3GAL5	SIAT9
STAT5B	STA5B
STK17B	ST17B
STMN4	STMN4
STS	STS
SUCLA2	SUCB1
SUCLG1	SUCA
SUCLG2	SUCB2
SUCNR1	SUCR1
SULT1A1	ST1A1
SULT1B1	ST1B1
SULT1E1	ST1E1
SULT2A1	ST2A1
SULT2B1	ST2B1
SUOX	SUOX
SV2A	SV2A
SYK	KSYK
SYN1	SYN1
SYT2	SYT2
SYTL4	SYTL4
TAAR1	TAAR1
TACR1	NK1R
TACR3	NK3R
TAOK2	TAOK2
TARS2	SYTM
TARS	SYTC
TAS1R2	TS1R2
TAT	ATTY
TBXA2R	TA2R
TBXAS1	THAS
TCN1	TCO1
TEK	TIE2
TERT	TERT
TFF2	TFF2
TFPI	TFPI1
TF	TRFE
TGFB1	TGFB1
TGFB3	TGFB3
TGFBR1	TGFR1
TGFBR2	TGFR2
TGM2	TGM2
TGM3	TGM3
THBD	TRBM
THNSL1	THNS1
THRA	THA
THRB	THB
TH	TY3H
TIMP3	TIMP3
TK1	KITH
TK2	KITM
TLH6	Q9UJX1
TLL2	TLL2
TLR2	TLR2
TLR4	TLR4
TLR7	TLR7
TLR8	TLR8
TLR9	TLR9
TMLHE	TMLH
TNFRSF10B	TR10B
TNFRSF1A	TNR1A
TNFRSF1B	TNR1B
TNFRSF8	TNR8
TNFSF11	TNF11
TNFSF13B	TN13B
TNF	TNFA
TNK2	ACK1
TNNC1	TNNC1
TNNC2	TNNC2
TNNI3	TNNI3
TOP1MT	TOP1M
TOP1	TOP1
TOP2A	TOP2A
TOP2B	TOP2B
TP53	P53
TPH1	TPH1
TPI1	TPIS
TPK1	TPK1
TPMT	TPMT
TPO	PERT
TPSAB1	TRYB1
TPSB2	TRYB2
TRAC	TCA
TRAPPC1	TPPC1
TRAPPC3	TPPC3
TRAPPC4	TPPC4
TRAPPC5	TPPC5
TRAPPC6A	TPC6A
TRAPPC6B	TPC6B
TRBC1	TRBC1
TRDMT1	TRDMT
TREM1	TREM1
TRIM13	TRI13
TRPA1	TRPA1
TRPM7	TRPM7
TRPM8	TRPM8
TRPV1	TRPV1
TRPV3	TRPV3
TSHR	TSHR
TSPO	TSPOA
TSTA3	FCL
TST	THTR
TTK	TTK
TUBA1A	TBA1A
TUBA1B	TBA1B
TUBA1C	TBA1C
TUBA3C	TBA3C
TUBA3E	TBA3E
TUBA4A	TBA4A
TUBA4B	TBA4B
TUBA8	TBA8
TUBB1	TBB1
TUBB2A	TBB2A
TUBB2B	TBB2B
TUBB2C	TBB4B
TUBB3	TBB3
TUBB4	TBB4A
TUBB6	TBB6
TUBB	TBB5
TUBD1	TBD
TUBE1	TBE
TUBG1	TBG1
TUB	TUB
TUFM	EFTU
TXNDC12	TXD12
TXNRD1	TRXR1
TXNRD2	TRXR2
TYK2	TYK2
TYMP	TYPH
TYMS	TYSY
TYR	TYRO
UAP1	UAP1
UBA1	UBA1
UBB	UBB
UBC	UBC
UBE2D2	UB2D2
UBR4	UBR4
UCK2	UCK2
UCKL1	UCKL1
UGCG	CEGT
UGDH	UGDH
UGT1A9	UD19
UGT3A1	UD3A1
UMPS	UMPS
UNG	UNG
UPP1	UPP1
UPP2	UPP2
UQCR10	QCR9
UQCR11	QCR10
UQCRB	QCR7
UQCRC1	QCR1
UQCRC2	QCR2
UQCRFS1	UCRI
UQCRH	QCR6
UQCRQ	QCR8
UROD	DCUP
VAMP1	VAMP1
VAMP2	VAMP2
VARS	SYVC
VCAM1	VCAM1
VCAN	CSPG2
VCP	TERA
VDAC1	VDAC1
VDAC2	VDAC2
VDAC3	VDAC3
VDR	VDR
VEGFA	VEGFA
VKORC1L1	VKORL
VKORC1	VKOR1
VTN	VTNC
VWF	VWF
WARS2	SYWM
WARS	SYWC
WAS	WASP
WEE1	WEE1
XDH	XDH
XIAP	XIAP
XRCC4	XRCC4
YARS2	SYYM
YARS	SYYC
YES1	YES
YWHAE	1433E
ZAP70	ZAP70
ZFY	ZFY
